date,保險業,光電業,其他業,其他電子業,化學工業,半導體業,塑膠工業,存託憑證,居家生活,建材營造業,數位雲端,橡膠工業,水泥工業,汽車工業,油電燃氣業,玻璃陶瓷,生技醫療業,紡織纖維,綠能環保,航運業,觀光餐旅,證券業,貿易百貨業,資訊服務業,通信網路業,造紙工業,運動休閒,金控業,銀行業,鋼鐵工業,電器電纜,電子通路業,電子零組件業,電機機械,電腦及週邊設備業,食品工業
2005-02-10,5.0,35.0,29.0,28.0,20.0,39.0,18.0,,4.0,49.0,1.0,9.0,7.0,15.0,8.0,4.0,9.0,37.0,2.0,15.0,9.0,2.0,11.0,10.0,29.0,6.0,7.0,12.0,8.0,26.0,12.0,17.0,65.0,26.0,45.0,22.0
2005-03-10,5.0,35.0,29.0,28.0,20.0,39.0,18.0,,4.0,49.0,2.0,9.0,7.0,15.0,8.0,4.0,9.0,37.0,2.0,15.0,9.0,2.0,11.0,10.0,29.0,6.0,7.0,12.0,8.0,26.0,12.0,17.0,65.0,26.0,45.0,22.0
2005-04-11,5.0,35.0,29.0,28.0,20.0,39.0,18.0,,4.0,49.0,2.0,9.0,7.0,15.0,8.0,4.0,9.0,37.0,2.0,15.0,9.0,2.0,11.0,10.0,29.0,6.0,7.0,12.0,8.0,26.0,12.0,17.0,66.0,26.0,45.0,22.0
2005-05-10,5.0,35.0,29.0,28.0,20.0,40.0,18.0,,4.0,50.0,2.0,9.0,7.0,15.0,8.0,4.0,9.0,37.0,2.0,15.0,9.0,2.0,11.0,10.0,30.0,6.0,7.0,12.0,8.0,26.0,12.0,17.0,66.0,26.0,45.0,22.0
2005-06-10,5.0,35.0,29.0,28.0,20.0,40.0,18.0,,4.0,49.0,2.0,9.0,7.0,15.0,8.0,4.0,9.0,37.0,2.0,15.0,9.0,2.0,11.0,10.0,30.0,6.0,7.0,12.0,8.0,26.0,12.0,17.0,66.0,26.0,45.0,22.0
2005-07-11,5.0,35.0,29.0,28.0,20.0,40.0,18.0,,4.0,49.0,2.0,9.0,7.0,15.0,8.0,4.0,9.0,37.0,2.0,15.0,9.0,2.0,11.0,10.0,30.0,6.0,7.0,12.0,8.0,26.0,12.0,17.0,66.0,27.0,45.0,22.0
2005-08-10,5.0,36.0,29.0,28.0,20.0,40.0,18.0,,4.0,49.0,2.0,9.0,7.0,15.0,8.0,4.0,9.0,37.0,2.0,15.0,9.0,2.0,11.0,10.0,30.0,6.0,7.0,11.0,8.0,26.0,12.0,17.0,66.0,27.0,45.0,22.0
2005-09-12,5.0,36.0,29.0,28.0,20.0,41.0,18.0,,4.0,49.0,2.0,9.0,7.0,15.0,8.0,4.0,9.0,37.0,2.0,15.0,9.0,2.0,11.0,10.0,30.0,6.0,7.0,12.0,8.0,26.0,12.0,17.0,66.0,27.0,45.0,22.0
2005-10-10,5.0,36.0,29.0,28.0,20.0,41.0,18.0,,4.0,49.0,2.0,10.0,7.0,15.0,8.0,4.0,8.0,37.0,2.0,15.0,9.0,2.0,11.0,10.0,30.0,6.0,7.0,11.0,8.0,26.0,12.0,17.0,66.0,27.0,45.0,22.0
2005-11-10,5.0,37.0,29.0,28.0,20.0,42.0,18.0,,4.0,49.0,2.0,10.0,7.0,15.0,8.0,4.0,9.0,38.0,2.0,15.0,9.0,2.0,11.0,10.0,30.0,6.0,7.0,12.0,8.0,26.0,12.0,17.0,66.0,27.0,45.0,22.0
2005-12-12,5.0,37.0,29.0,28.0,20.0,42.0,18.0,,4.0,49.0,2.0,10.0,7.0,15.0,8.0,4.0,9.0,38.0,2.0,15.0,9.0,2.0,11.0,10.0,30.0,6.0,7.0,11.0,8.0,26.0,12.0,17.0,66.0,27.0,45.0,22.0
2006-01-10,5.0,37.0,29.0,28.0,20.0,42.0,18.0,,4.0,50.0,2.0,10.0,7.0,15.0,8.0,4.0,8.0,38.0,2.0,15.0,9.0,2.0,11.0,10.0,30.0,6.0,7.0,8.0,8.0,26.0,12.0,18.0,66.0,27.0,45.0,22.0
2006-02-10,5.0,38.0,29.0,28.0,20.0,42.0,18.0,,4.0,48.0,2.0,10.0,7.0,15.0,8.0,4.0,9.0,38.0,2.0,15.0,9.0,2.0,11.0,10.0,30.0,6.0,7.0,12.0,8.0,26.0,12.0,18.0,67.0,27.0,45.0,22.0
2006-03-10,5.0,38.0,29.0,28.0,20.0,42.0,18.0,,4.0,49.0,2.0,10.0,7.0,15.0,8.0,4.0,9.0,38.0,2.0,15.0,9.0,2.0,11.0,10.0,30.0,6.0,7.0,12.0,8.0,26.0,12.0,18.0,67.0,27.0,45.0,22.0
2006-04-10,5.0,38.0,29.0,28.0,20.0,42.0,18.0,,4.0,49.0,2.0,10.0,7.0,15.0,8.0,4.0,9.0,38.0,2.0,15.0,9.0,2.0,11.0,10.0,30.0,6.0,7.0,10.0,8.0,26.0,12.0,18.0,67.0,27.0,45.0,22.0
2006-05-10,5.0,38.0,29.0,28.0,20.0,42.0,18.0,,4.0,50.0,2.0,10.0,7.0,15.0,8.0,4.0,9.0,38.0,2.0,15.0,9.0,2.0,11.0,10.0,30.0,6.0,7.0,11.0,8.0,26.0,12.0,18.0,67.0,27.0,45.0,22.0
2006-06-12,5.0,38.0,29.0,28.0,20.0,42.0,18.0,,4.0,50.0,2.0,10.0,7.0,15.0,8.0,4.0,9.0,38.0,2.0,15.0,9.0,1.0,11.0,10.0,30.0,6.0,7.0,8.0,8.0,26.0,12.0,18.0,67.0,27.0,45.0,22.0
2006-07-10,5.0,38.0,29.0,28.0,20.0,42.0,18.0,,4.0,49.0,2.0,10.0,7.0,15.0,8.0,4.0,9.0,38.0,2.0,15.0,9.0,2.0,11.0,10.0,30.0,6.0,7.0,9.0,8.0,26.0,12.0,18.0,67.0,27.0,45.0,22.0
2006-08-10,5.0,38.0,29.0,28.0,20.0,43.0,18.0,,4.0,48.0,2.0,10.0,7.0,15.0,8.0,4.0,9.0,38.0,2.0,15.0,9.0,2.0,11.0,10.0,30.0,6.0,7.0,9.0,8.0,26.0,12.0,18.0,67.0,27.0,45.0,22.0
2006-09-11,5.0,38.0,29.0,28.0,20.0,43.0,18.0,,4.0,48.0,2.0,10.0,7.0,15.0,8.0,4.0,9.0,38.0,2.0,14.0,9.0,2.0,11.0,10.0,30.0,6.0,7.0,10.0,8.0,26.0,12.0,18.0,67.0,27.0,45.0,22.0
2006-10-10,5.0,38.0,29.0,28.0,20.0,43.0,18.0,,4.0,49.0,2.0,10.0,7.0,15.0,8.0,4.0,9.0,38.0,2.0,15.0,9.0,2.0,11.0,10.0,30.0,6.0,7.0,11.0,7.0,26.0,12.0,18.0,68.0,27.0,46.0,22.0
2006-11-10,5.0,38.0,29.0,29.0,20.0,43.0,18.0,,4.0,49.0,2.0,10.0,7.0,15.0,8.0,4.0,9.0,38.0,2.0,15.0,9.0,2.0,11.0,10.0,30.0,6.0,7.0,10.0,8.0,26.0,12.0,18.0,68.0,27.0,47.0,22.0
2006-12-11,5.0,38.0,29.0,30.0,20.0,46.0,18.0,,5.0,48.0,2.0,10.0,7.0,15.0,8.0,4.0,9.0,38.0,2.0,15.0,9.0,2.0,11.0,10.0,30.0,6.0,7.0,10.0,7.0,26.0,12.0,18.0,68.0,27.0,48.0,22.0
2007-01-10,6.0,38.0,29.0,30.0,21.0,48.0,18.0,,5.0,50.0,2.0,10.0,7.0,16.0,8.0,4.0,11.0,38.0,3.0,18.0,10.0,2.0,11.0,10.0,32.0,6.0,7.0,7.0,8.0,26.0,12.0,19.0,70.0,29.0,49.0,22.0
2007-02-12,6.0,39.0,29.0,30.0,20.0,48.0,18.0,,5.0,49.0,2.0,10.0,7.0,16.0,8.0,4.0,11.0,38.0,3.0,17.0,10.0,2.0,11.0,10.0,32.0,6.0,7.0,12.0,8.0,26.0,12.0,18.0,70.0,30.0,49.0,22.0
2007-03-12,6.0,39.0,29.0,30.0,20.0,48.0,18.0,,5.0,48.0,2.0,10.0,7.0,16.0,8.0,4.0,11.0,38.0,3.0,17.0,10.0,2.0,11.0,10.0,32.0,6.0,7.0,12.0,7.0,26.0,12.0,18.0,70.0,30.0,49.0,22.0
2007-04-10,6.0,39.0,29.0,30.0,20.0,48.0,18.0,,6.0,49.0,2.0,10.0,7.0,16.0,8.0,4.0,11.0,38.0,3.0,18.0,10.0,2.0,11.0,10.0,32.0,6.0,7.0,12.0,7.0,27.0,12.0,18.0,71.0,30.0,49.0,22.0
2007-05-10,6.0,39.0,29.0,30.0,20.0,48.0,18.0,,6.0,49.0,2.0,10.0,7.0,16.0,8.0,4.0,11.0,38.0,3.0,18.0,10.0,2.0,11.0,10.0,32.0,6.0,7.0,12.0,7.0,27.0,12.0,18.0,71.0,30.0,49.0,22.0
2007-06-11,6.0,39.0,29.0,30.0,20.0,48.0,18.0,,6.0,49.0,2.0,10.0,7.0,16.0,8.0,4.0,11.0,38.0,3.0,18.0,10.0,2.0,11.0,10.0,32.0,6.0,7.0,12.0,7.0,27.0,12.0,18.0,71.0,30.0,49.0,22.0
2007-07-10,6.0,39.0,29.0,30.0,20.0,48.0,18.0,,6.0,49.0,2.0,10.0,7.0,16.0,8.0,4.0,11.0,38.0,3.0,18.0,10.0,2.0,11.0,10.0,32.0,6.0,7.0,12.0,7.0,27.0,12.0,18.0,71.0,30.0,49.0,22.0
2007-08-10,6.0,39.0,29.0,30.0,20.0,49.0,18.0,,6.0,49.0,2.0,10.0,7.0,16.0,8.0,4.0,11.0,38.0,3.0,18.0,10.0,2.0,11.0,10.0,32.0,6.0,7.0,12.0,8.0,27.0,12.0,18.0,71.0,30.0,49.0,22.0
2007-09-10,6.0,39.0,29.0,30.0,20.0,49.0,18.0,,6.0,49.0,2.0,10.0,7.0,16.0,8.0,4.0,12.0,38.0,3.0,18.0,10.0,2.0,11.0,10.0,32.0,6.0,7.0,10.0,8.0,27.0,12.0,18.0,71.0,30.0,49.0,22.0
2007-10-11,6.0,39.0,29.0,30.0,20.0,50.0,18.0,,6.0,49.0,2.0,10.0,7.0,16.0,8.0,4.0,12.0,38.0,3.0,18.0,10.0,2.0,11.0,10.0,32.0,6.0,7.0,12.0,7.0,27.0,12.0,18.0,71.0,30.0,48.0,22.0
2007-11-12,6.0,39.0,29.0,30.0,20.0,50.0,18.0,,6.0,49.0,2.0,10.0,7.0,16.0,8.0,4.0,12.0,38.0,3.0,18.0,10.0,2.0,11.0,10.0,32.0,6.0,7.0,10.0,8.0,27.0,12.0,18.0,71.0,30.0,48.0,22.0
2007-12-10,5.0,39.0,29.0,30.0,20.0,50.0,18.0,,6.0,49.0,2.0,10.0,7.0,16.0,8.0,4.0,12.0,38.0,3.0,18.0,10.0,2.0,11.0,10.0,32.0,6.0,7.0,6.0,7.0,27.0,12.0,18.0,71.0,30.0,48.0,22.0
2008-01-10,6.0,39.0,29.0,30.0,20.0,50.0,18.0,,6.0,50.0,2.0,10.0,7.0,16.0,8.0,4.0,12.0,38.0,3.0,18.0,10.0,2.0,11.0,10.0,32.0,6.0,7.0,6.0,6.0,28.0,12.0,18.0,71.0,30.0,48.0,22.0
2008-02-12,6.0,40.0,29.0,30.0,20.0,49.0,18.0,,6.0,49.0,2.0,10.0,7.0,16.0,8.0,4.0,12.0,38.0,3.0,18.0,10.0,2.0,11.0,10.0,32.0,6.0,7.0,8.0,8.0,28.0,12.0,18.0,71.0,30.0,48.0,22.0
2008-03-10,6.0,40.0,29.0,30.0,21.0,49.0,18.0,,6.0,48.0,2.0,10.0,7.0,16.0,8.0,4.0,12.0,38.0,3.0,17.0,10.0,2.0,11.0,10.0,32.0,6.0,7.0,12.0,8.0,28.0,12.0,18.0,71.0,30.0,48.0,22.0
2008-04-10,6.0,41.0,29.0,30.0,21.0,49.0,18.0,,6.0,48.0,2.0,10.0,7.0,17.0,8.0,4.0,12.0,38.0,3.0,19.0,10.0,2.0,11.0,10.0,34.0,6.0,7.0,10.0,8.0,28.0,12.0,18.0,73.0,30.0,48.0,22.0
2008-05-12,6.0,41.0,29.0,30.0,21.0,49.0,18.0,,6.0,48.0,2.0,10.0,7.0,17.0,8.0,4.0,12.0,38.0,3.0,20.0,10.0,2.0,11.0,10.0,34.0,6.0,7.0,11.0,7.0,28.0,12.0,18.0,73.0,30.0,48.0,22.0
2008-06-10,6.0,41.0,29.0,30.0,21.0,49.0,18.0,,6.0,48.0,2.0,10.0,7.0,17.0,8.0,4.0,12.0,38.0,3.0,20.0,10.0,3.0,11.0,10.0,34.0,6.0,7.0,11.0,8.0,28.0,12.0,18.0,73.0,30.0,48.0,22.0
2008-07-10,6.0,41.0,29.0,30.0,21.0,49.0,18.0,,6.0,48.0,2.0,10.0,7.0,17.0,8.0,4.0,11.0,38.0,3.0,20.0,10.0,2.0,11.0,10.0,34.0,6.0,6.0,8.0,7.0,28.0,12.0,18.0,73.0,31.0,48.0,22.0
2008-08-11,6.0,41.0,29.0,30.0,21.0,49.0,18.0,,6.0,49.0,2.0,10.0,7.0,17.0,8.0,4.0,13.0,38.0,3.0,19.0,10.0,3.0,11.0,10.0,34.0,6.0,6.0,9.0,7.0,28.0,12.0,18.0,73.0,31.0,48.0,22.0
2008-09-10,6.0,41.0,29.0,30.0,21.0,50.0,18.0,,6.0,48.0,2.0,10.0,7.0,17.0,8.0,4.0,13.0,38.0,3.0,20.0,10.0,3.0,11.0,10.0,34.0,6.0,6.0,11.0,8.0,28.0,12.0,18.0,73.0,31.0,48.0,22.0
2008-10-13,6.0,41.0,29.0,30.0,22.0,50.0,18.0,,6.0,47.0,2.0,10.0,7.0,17.0,8.0,4.0,13.0,38.0,3.0,20.0,10.0,2.0,11.0,10.0,34.0,6.0,7.0,4.0,6.0,28.0,12.0,18.0,74.0,31.0,49.0,22.0
2008-11-10,6.0,41.0,29.0,30.0,22.0,50.0,18.0,,6.0,48.0,2.0,10.0,7.0,17.0,8.0,4.0,13.0,38.0,3.0,20.0,10.0,3.0,11.0,10.0,34.0,6.0,7.0,7.0,7.0,28.0,12.0,18.0,75.0,31.0,49.0,22.0
2008-12-10,6.0,41.0,29.0,30.0,22.0,50.0,18.0,,6.0,48.0,2.0,10.0,7.0,17.0,8.0,4.0,13.0,38.0,3.0,20.0,10.0,3.0,11.0,10.0,34.0,6.0,7.0,8.0,8.0,28.0,12.0,18.0,76.0,32.0,49.0,22.0
2009-01-12,6.0,41.0,29.0,31.0,22.0,50.0,18.0,,6.0,48.0,2.0,10.0,7.0,17.0,8.0,4.0,13.0,38.0,3.0,20.0,10.0,2.0,11.0,10.0,34.0,6.0,7.0,3.0,5.0,28.0,12.0,17.0,77.0,32.0,49.0,22.0
2009-02-10,6.0,41.0,29.0,31.0,22.0,50.0,18.0,,6.0,47.0,2.0,10.0,7.0,17.0,8.0,4.0,14.0,38.0,3.0,20.0,10.0,3.0,11.0,10.0,33.0,6.0,7.0,12.0,8.0,28.0,12.0,18.0,77.0,32.0,49.0,22.0
2009-03-10,6.0,41.0,29.0,31.0,22.0,50.0,18.0,,6.0,47.0,2.0,10.0,7.0,17.0,8.0,4.0,14.0,38.0,3.0,20.0,10.0,3.0,11.0,10.0,33.0,6.0,7.0,11.0,8.0,28.0,12.0,18.0,77.0,32.0,49.0,22.0
2009-04-10,6.0,40.0,28.0,31.0,22.0,50.0,18.0,,6.0,48.0,2.0,10.0,7.0,17.0,8.0,4.0,14.0,38.0,3.0,20.0,10.0,3.0,11.0,10.0,33.0,6.0,7.0,11.0,8.0,28.0,12.0,18.0,77.0,32.0,49.0,22.0
2009-05-11,6.0,41.0,29.0,31.0,22.0,50.0,18.0,,6.0,48.0,2.0,10.0,7.0,17.0,8.0,4.0,14.0,38.0,3.0,19.0,10.0,3.0,11.0,10.0,33.0,6.0,7.0,12.0,7.0,28.0,12.0,18.0,78.0,32.0,49.0,22.0
2009-06-10,6.0,41.0,29.0,31.0,22.0,50.0,18.0,,6.0,49.0,2.0,10.0,7.0,17.0,8.0,4.0,14.0,38.0,3.0,20.0,10.0,3.0,11.0,10.0,33.0,6.0,7.0,11.0,8.0,28.0,12.0,18.0,78.0,32.0,49.0,22.0
2009-07-10,6.0,40.0,29.0,31.0,22.0,50.0,18.0,,6.0,50.0,2.0,10.0,7.0,17.0,8.0,4.0,14.0,38.0,3.0,20.0,10.0,3.0,11.0,10.0,33.0,6.0,7.0,9.0,7.0,28.0,12.0,18.0,78.0,32.0,49.0,22.0
2009-08-10,6.0,41.0,29.0,31.0,22.0,50.0,18.0,,6.0,50.0,2.0,10.0,7.0,17.0,8.0,4.0,14.0,38.0,3.0,20.0,10.0,3.0,11.0,10.0,33.0,6.0,7.0,12.0,8.0,28.0,12.0,18.0,78.0,32.0,49.0,22.0
2009-09-10,6.0,41.0,29.0,31.0,22.0,50.0,18.0,,6.0,49.0,2.0,10.0,7.0,17.0,8.0,4.0,14.0,38.0,3.0,20.0,10.0,3.0,11.0,10.0,33.0,6.0,7.0,10.0,8.0,28.0,12.0,18.0,78.0,32.0,49.0,22.0
2009-10-12,6.0,41.0,29.0,31.0,22.0,51.0,18.0,,6.0,50.0,2.0,10.0,7.0,17.0,8.0,4.0,14.0,38.0,3.0,20.0,10.0,3.0,11.0,10.0,33.0,6.0,7.0,12.0,8.0,28.0,12.0,18.0,77.0,32.0,49.0,22.0
2009-11-10,6.0,41.0,29.0,31.0,22.0,51.0,18.0,,6.0,49.0,2.0,10.0,7.0,17.0,8.0,4.0,14.0,38.0,3.0,20.0,10.0,3.0,11.0,10.0,33.0,6.0,7.0,12.0,8.0,28.0,12.0,18.0,77.0,32.0,49.0,22.0
2009-12-10,6.0,43.0,29.0,31.0,22.0,51.0,18.0,,6.0,48.0,2.0,10.0,7.0,17.0,8.0,4.0,15.0,38.0,3.0,20.0,10.0,3.0,11.0,10.0,33.0,6.0,7.0,12.0,8.0,28.0,12.0,18.0,78.0,32.0,49.0,22.0
2010-01-11,6.0,44.0,30.0,31.0,21.0,53.0,18.0,,6.0,49.0,2.0,10.0,7.0,17.0,8.0,4.0,17.0,38.0,3.0,20.0,11.0,3.0,11.0,10.0,36.0,6.0,7.0,10.0,8.0,28.0,12.0,18.0,82.0,32.0,49.0,22.0
2010-02-10,6.0,47.0,30.0,31.0,22.0,53.0,18.0,,6.0,50.0,2.0,10.0,7.0,17.0,8.0,4.0,18.0,38.0,3.0,20.0,11.0,3.0,11.0,11.0,36.0,6.0,7.0,11.0,8.0,28.0,13.0,19.0,82.0,32.0,49.0,22.0
2010-03-10,6.0,47.0,30.0,31.0,22.0,53.0,18.0,,6.0,50.0,2.0,10.0,7.0,17.0,8.0,4.0,18.0,38.0,3.0,20.0,11.0,3.0,11.0,11.0,36.0,6.0,7.0,10.0,8.0,28.0,13.0,19.0,82.0,32.0,49.0,22.0
2010-04-12,6.0,47.0,30.0,31.0,22.0,54.0,18.0,,6.0,50.0,2.0,10.0,7.0,17.0,8.0,4.0,18.0,38.0,3.0,20.0,11.0,3.0,11.0,11.0,36.0,6.0,7.0,12.0,8.0,28.0,13.0,19.0,82.0,32.0,50.0,22.0
2010-05-10,6.0,48.0,30.0,31.0,22.0,54.0,18.0,,6.0,51.0,2.0,10.0,7.0,17.0,8.0,4.0,18.0,38.0,3.0,20.0,11.0,3.0,11.0,11.0,36.0,6.0,7.0,12.0,8.0,28.0,13.0,19.0,81.0,32.0,50.0,22.0
2010-06-10,6.0,48.0,30.0,31.0,22.0,55.0,18.0,,6.0,50.0,2.0,10.0,7.0,17.0,8.0,4.0,18.0,38.0,3.0,20.0,11.0,3.0,11.0,11.0,36.0,6.0,7.0,12.0,8.0,28.0,13.0,19.0,81.0,32.0,50.0,22.0
2010-07-12,6.0,49.0,30.0,31.0,22.0,55.0,18.0,,6.0,51.0,2.0,10.0,7.0,17.0,8.0,4.0,18.0,38.0,3.0,20.0,11.0,3.0,11.0,11.0,36.0,6.0,7.0,11.0,8.0,28.0,13.0,19.0,81.0,32.0,49.0,22.0
2010-08-10,6.0,50.0,30.0,31.0,22.0,55.0,18.0,,6.0,51.0,2.0,10.0,7.0,17.0,8.0,4.0,18.0,38.0,3.0,20.0,11.0,3.0,11.0,11.0,36.0,6.0,7.0,12.0,8.0,28.0,13.0,19.0,81.0,32.0,50.0,22.0
2010-09-10,6.0,50.0,30.0,31.0,22.0,55.0,18.0,,6.0,50.0,2.0,10.0,7.0,19.0,8.0,4.0,18.0,38.0,3.0,20.0,11.0,3.0,11.0,11.0,36.0,6.0,7.0,12.0,8.0,28.0,13.0,19.0,81.0,32.0,50.0,22.0
2010-10-11,6.0,51.0,30.0,31.0,22.0,55.0,18.0,,6.0,51.0,2.0,10.0,7.0,19.0,8.0,4.0,19.0,38.0,4.0,19.0,11.0,3.0,11.0,11.0,37.0,6.0,7.0,12.0,8.0,28.0,13.0,19.0,81.0,31.0,49.0,22.0
2010-11-10,6.0,52.0,29.0,31.0,22.0,55.0,18.0,,6.0,51.0,2.0,10.0,7.0,19.0,8.0,4.0,19.0,38.0,4.0,19.0,11.0,3.0,11.0,11.0,36.0,6.0,7.0,12.0,8.0,28.0,13.0,19.0,81.0,31.0,50.0,22.0
2010-12-10,6.0,52.0,30.0,31.0,22.0,55.0,18.0,,6.0,50.0,2.0,10.0,7.0,19.0,8.0,4.0,19.0,38.0,4.0,21.0,12.0,3.0,11.0,11.0,37.0,6.0,7.0,12.0,8.0,28.0,13.0,19.0,81.0,31.0,50.0,22.0
2011-01-10,6.0,51.0,29.0,31.0,22.0,55.0,18.0,,6.0,49.0,2.0,10.0,7.0,18.0,8.0,4.0,18.0,38.0,4.0,20.0,12.0,3.0,11.0,11.0,37.0,6.0,7.0,9.0,7.0,28.0,13.0,19.0,81.0,31.0,50.0,23.0
2011-02-10,6.0,52.0,29.0,31.0,22.0,56.0,18.0,,6.0,50.0,2.0,10.0,7.0,18.0,8.0,4.0,20.0,38.0,4.0,21.0,12.0,3.0,11.0,11.0,37.0,6.0,7.0,12.0,8.0,28.0,13.0,19.0,81.0,32.0,50.0,22.0
2011-03-10,5.0,52.0,29.0,31.0,22.0,56.0,18.0,,6.0,51.0,2.0,10.0,7.0,19.0,8.0,4.0,20.0,38.0,4.0,20.0,12.0,3.0,11.0,11.0,37.0,6.0,7.0,11.0,8.0,28.0,13.0,19.0,81.0,33.0,50.0,22.0
2011-04-11,6.0,52.0,30.0,32.0,22.0,56.0,18.0,,6.0,50.0,2.0,10.0,7.0,19.0,8.0,4.0,20.0,38.0,4.0,21.0,13.0,3.0,11.0,11.0,37.0,6.0,7.0,11.0,8.0,28.0,13.0,19.0,81.0,33.0,50.0,22.0
2011-05-10,6.0,52.0,30.0,32.0,22.0,56.0,18.0,,6.0,50.0,2.0,10.0,7.0,19.0,8.0,4.0,20.0,38.0,4.0,21.0,13.0,3.0,11.0,11.0,37.0,6.0,7.0,12.0,8.0,28.0,13.0,19.0,82.0,33.0,50.0,22.0
2011-06-10,6.0,52.0,30.0,32.0,22.0,56.0,18.0,,6.0,50.0,2.0,10.0,7.0,19.0,8.0,4.0,20.0,38.0,4.0,20.0,13.0,3.0,11.0,11.0,37.0,6.0,7.0,12.0,8.0,28.0,13.0,19.0,82.0,33.0,50.0,22.0
2011-07-11,6.0,53.0,31.0,32.0,22.0,56.0,18.0,,6.0,48.0,2.0,10.0,7.0,19.0,8.0,4.0,20.0,38.0,4.0,21.0,13.0,3.0,11.0,11.0,37.0,6.0,7.0,12.0,8.0,28.0,13.0,19.0,82.0,33.0,50.0,22.0
2011-08-10,6.0,53.0,33.0,32.0,22.0,55.0,19.0,,6.0,49.0,2.0,10.0,7.0,20.0,8.0,4.0,20.0,38.0,4.0,21.0,13.0,3.0,11.0,11.0,36.0,6.0,7.0,12.0,8.0,28.0,13.0,19.0,83.0,33.0,50.0,22.0
2011-09-13,6.0,53.0,33.0,32.0,22.0,55.0,19.0,,6.0,51.0,2.0,10.0,7.0,20.0,8.0,4.0,20.0,38.0,4.0,20.0,13.0,3.0,11.0,11.0,37.0,6.0,7.0,10.0,8.0,28.0,13.0,19.0,83.0,33.0,50.0,22.0
2011-10-11,6.0,53.0,32.0,32.0,22.0,55.0,19.0,,6.0,51.0,2.0,10.0,7.0,20.0,8.0,4.0,21.0,38.0,4.0,20.0,13.0,3.0,12.0,11.0,37.0,6.0,7.0,11.0,8.0,28.0,13.0,19.0,83.0,33.0,50.0,22.0
2011-11-10,6.0,53.0,32.0,32.0,22.0,55.0,19.0,,6.0,51.0,2.0,10.0,7.0,19.0,8.0,4.0,21.0,38.0,4.0,20.0,13.0,3.0,12.0,11.0,37.0,6.0,7.0,12.0,8.0,28.0,13.0,19.0,83.0,33.0,50.0,22.0
2011-12-12,6.0,53.0,33.0,32.0,22.0,55.0,19.0,,6.0,51.0,2.0,10.0,7.0,19.0,8.0,4.0,21.0,38.0,4.0,21.0,13.0,3.0,12.0,11.0,37.0,6.0,7.0,9.0,8.0,28.0,13.0,19.0,84.0,33.0,51.0,22.0
2012-01-10,5.0,52.0,33.0,32.0,22.0,55.0,19.0,,6.0,49.0,2.0,10.0,7.0,19.0,8.0,4.0,20.0,38.0,4.0,21.0,12.0,3.0,12.0,11.0,37.0,6.0,7.0,7.0,8.0,28.0,13.0,19.0,84.0,33.0,51.0,23.0
2012-02-10,6.0,53.0,34.0,32.0,22.0,56.0,19.0,1.0,6.0,52.0,2.0,10.0,7.0,21.0,8.0,5.0,23.0,38.0,4.0,21.0,13.0,3.0,12.0,11.0,36.0,6.0,8.0,12.0,8.0,28.0,13.0,19.0,87.0,34.0,52.0,22.0
2012-03-12,6.0,52.0,34.0,32.0,22.0,56.0,19.0,1.0,6.0,51.0,2.0,10.0,7.0,21.0,8.0,5.0,23.0,38.0,4.0,21.0,13.0,3.0,12.0,11.0,37.0,6.0,8.0,13.0,8.0,28.0,13.0,19.0,87.0,34.0,52.0,22.0
2012-04-10,6.0,53.0,34.0,32.0,22.0,57.0,19.0,1.0,6.0,50.0,2.0,10.0,7.0,21.0,8.0,5.0,23.0,38.0,4.0,20.0,13.0,3.0,12.0,11.0,36.0,6.0,8.0,13.0,8.0,28.0,13.0,19.0,87.0,35.0,52.0,22.0
2012-05-10,6.0,53.0,34.0,32.0,22.0,57.0,19.0,1.0,6.0,49.0,2.0,10.0,7.0,21.0,8.0,5.0,23.0,38.0,4.0,21.0,13.0,3.0,12.0,11.0,36.0,6.0,8.0,12.0,8.0,28.0,13.0,19.0,87.0,35.0,52.0,22.0
2012-06-11,6.0,52.0,34.0,32.0,22.0,57.0,19.0,1.0,6.0,51.0,2.0,10.0,7.0,21.0,8.0,5.0,23.0,38.0,4.0,21.0,13.0,3.0,13.0,11.0,36.0,6.0,8.0,13.0,8.0,28.0,13.0,19.0,87.0,35.0,52.0,22.0
2012-07-10,6.0,53.0,34.0,32.0,22.0,58.0,19.0,1.0,6.0,51.0,2.0,10.0,7.0,21.0,8.0,5.0,23.0,38.0,4.0,21.0,13.0,3.0,13.0,11.0,37.0,6.0,8.0,13.0,8.0,28.0,13.0,19.0,87.0,35.0,52.0,22.0
2012-08-10,6.0,53.0,34.0,32.0,22.0,58.0,19.0,1.0,6.0,51.0,2.0,10.0,7.0,21.0,8.0,5.0,23.0,38.0,4.0,21.0,13.0,3.0,14.0,11.0,37.0,6.0,8.0,13.0,8.0,28.0,13.0,19.0,87.0,35.0,52.0,23.0
2012-09-10,6.0,53.0,34.0,32.0,23.0,58.0,19.0,2.0,6.0,51.0,2.0,10.0,7.0,21.0,8.0,5.0,23.0,38.0,4.0,21.0,13.0,3.0,14.0,11.0,36.0,6.0,8.0,13.0,8.0,28.0,13.0,19.0,87.0,35.0,52.0,23.0
2012-10-11,6.0,53.0,34.0,33.0,23.0,58.0,19.0,2.0,6.0,50.0,2.0,10.0,7.0,21.0,8.0,5.0,23.0,38.0,4.0,21.0,14.0,3.0,14.0,11.0,37.0,6.0,8.0,13.0,8.0,28.0,14.0,19.0,87.0,35.0,52.0,23.0
2012-11-12,6.0,54.0,34.0,34.0,23.0,58.0,19.0,2.0,6.0,50.0,2.0,10.0,7.0,21.0,8.0,5.0,23.0,38.0,4.0,21.0,14.0,3.0,14.0,11.0,37.0,6.0,9.0,13.0,8.0,28.0,14.0,19.0,88.0,35.0,52.0,23.0
2012-12-10,6.0,54.0,34.0,34.0,23.0,58.0,19.0,2.0,6.0,51.0,2.0,10.0,7.0,21.0,8.0,5.0,23.0,38.0,4.0,22.0,14.0,3.0,15.0,11.0,37.0,6.0,9.0,13.0,8.0,28.0,14.0,19.0,88.0,35.0,53.0,23.0
2013-01-10,6.0,54.0,34.0,34.0,23.0,58.0,19.0,2.0,6.0,53.0,2.0,10.0,7.0,21.0,8.0,5.0,23.0,38.0,4.0,22.0,14.0,3.0,15.0,11.0,38.0,6.0,9.0,13.0,8.0,28.0,14.0,19.0,88.0,35.0,53.0,23.0
2013-02-18,6.0,56.0,34.0,34.0,24.0,65.0,19.0,2.0,6.0,53.0,2.0,10.0,7.0,23.0,8.0,5.0,25.0,38.0,4.0,21.0,14.0,3.0,16.0,11.0,37.0,6.0,10.0,13.0,10.0,28.0,15.0,19.0,90.0,34.0,54.0,23.0
2013-03-11,6.0,56.0,34.0,34.0,24.0,65.0,19.0,2.0,6.0,49.0,2.0,10.0,7.0,23.0,8.0,5.0,24.0,38.0,4.0,21.0,14.0,3.0,16.0,11.0,37.0,6.0,10.0,13.0,10.0,28.0,15.0,19.0,90.0,34.0,54.0,23.0
2013-04-10,6.0,56.0,34.0,34.0,24.0,65.0,19.0,2.0,6.0,52.0,2.0,10.0,7.0,23.0,8.0,5.0,25.0,38.0,4.0,21.0,14.0,3.0,16.0,11.0,37.0,6.0,10.0,13.0,10.0,28.0,15.0,19.0,90.0,34.0,54.0,23.0
2013-05-10,6.0,56.0,34.0,34.0,24.0,65.0,19.0,2.0,6.0,52.0,2.0,10.0,7.0,23.0,8.0,5.0,25.0,38.0,4.0,21.0,14.0,3.0,16.0,11.0,38.0,6.0,10.0,13.0,10.0,28.0,15.0,19.0,90.0,34.0,54.0,23.0
2013-06-10,6.0,56.0,34.0,34.0,24.0,65.0,19.0,2.0,6.0,52.0,2.0,10.0,7.0,23.0,8.0,5.0,25.0,38.0,4.0,21.0,14.0,3.0,16.0,11.0,38.0,6.0,10.0,13.0,10.0,28.0,15.0,19.0,90.0,34.0,54.0,23.0
2013-07-10,6.0,57.0,34.0,34.0,24.0,65.0,19.0,2.0,6.0,53.0,2.0,10.0,7.0,23.0,8.0,5.0,25.0,38.0,4.0,21.0,14.0,3.0,16.0,11.0,38.0,6.0,10.0,13.0,10.0,28.0,15.0,19.0,90.0,34.0,54.0,23.0
2013-08-12,6.0,57.0,34.0,34.0,24.0,65.0,19.0,2.0,6.0,52.0,2.0,10.0,7.0,23.0,8.0,5.0,25.0,38.0,4.0,21.0,14.0,3.0,16.0,11.0,39.0,6.0,10.0,13.0,10.0,28.0,15.0,19.0,90.0,34.0,54.0,23.0
2013-09-10,6.0,57.0,34.0,34.0,24.0,65.0,19.0,2.0,6.0,52.0,2.0,10.0,7.0,23.0,8.0,5.0,25.0,38.0,4.0,21.0,14.0,3.0,16.0,11.0,39.0,6.0,10.0,13.0,10.0,28.0,15.0,19.0,90.0,34.0,54.0,23.0
2013-10-11,6.0,58.0,34.0,35.0,24.0,65.0,19.0,2.0,6.0,52.0,2.0,10.0,7.0,23.0,8.0,5.0,25.0,38.0,4.0,21.0,14.0,3.0,15.0,11.0,39.0,6.0,10.0,13.0,10.0,28.0,15.0,19.0,90.0,34.0,55.0,23.0
2013-11-11,6.0,58.0,34.0,35.0,24.0,65.0,19.0,2.0,6.0,53.0,2.0,10.0,7.0,24.0,8.0,5.0,26.0,38.0,4.0,21.0,14.0,3.0,15.0,11.0,39.0,6.0,10.0,13.0,10.0,28.0,15.0,19.0,90.0,35.0,55.0,23.0
2013-12-10,6.0,58.0,34.0,35.0,24.0,66.0,20.0,2.0,6.0,51.0,3.0,10.0,7.0,25.0,8.0,5.0,27.0,38.0,4.0,21.0,14.0,3.0,16.0,11.0,39.0,6.0,10.0,13.0,10.0,29.0,15.0,19.0,90.0,35.0,55.0,23.0
2014-01-10,6.0,58.0,34.0,35.0,24.0,66.0,20.0,2.0,6.0,52.0,3.0,10.0,7.0,25.0,8.0,5.0,27.0,38.0,4.0,21.0,14.0,3.0,16.0,11.0,39.0,6.0,10.0,13.0,10.0,29.0,15.0,19.0,90.0,35.0,55.0,23.0
2014-02-10,6.0,58.0,34.0,35.0,24.0,66.0,20.0,2.0,6.0,52.0,3.0,10.0,7.0,25.0,8.0,5.0,27.0,39.0,6.0,21.0,14.0,3.0,16.0,11.0,40.0,6.0,10.0,13.0,10.0,29.0,15.0,19.0,90.0,35.0,55.0,23.0
2014-03-10,6.0,58.0,34.0,35.0,24.0,66.0,20.0,2.0,6.0,50.0,3.0,10.0,7.0,25.0,8.0,5.0,27.0,39.0,6.0,21.0,14.0,3.0,16.0,11.0,40.0,6.0,10.0,13.0,10.0,29.0,15.0,19.0,91.0,35.0,55.0,23.0
2014-04-10,6.0,58.0,34.0,35.0,24.0,66.0,20.0,2.0,6.0,52.0,3.0,10.0,7.0,25.0,8.0,5.0,27.0,39.0,6.0,21.0,14.0,3.0,16.0,11.0,40.0,6.0,10.0,13.0,10.0,29.0,15.0,19.0,91.0,35.0,55.0,23.0
2014-05-12,6.0,58.0,34.0,35.0,24.0,66.0,20.0,2.0,6.0,51.0,3.0,10.0,7.0,25.0,8.0,5.0,26.0,39.0,6.0,21.0,14.0,3.0,16.0,11.0,40.0,6.0,10.0,13.0,10.0,29.0,15.0,19.0,91.0,35.0,55.0,23.0
2014-06-10,6.0,58.0,34.0,35.0,24.0,66.0,20.0,2.0,6.0,51.0,3.0,10.0,7.0,25.0,8.0,5.0,26.0,39.0,6.0,21.0,14.0,3.0,16.0,11.0,40.0,6.0,10.0,13.0,10.0,29.0,15.0,19.0,91.0,35.0,55.0,23.0
2014-07-10,6.0,58.0,35.0,35.0,24.0,66.0,20.0,2.0,6.0,51.0,3.0,10.0,7.0,25.0,8.0,5.0,27.0,39.0,6.0,21.0,14.0,3.0,16.0,11.0,40.0,6.0,10.0,13.0,10.0,29.0,15.0,19.0,92.0,35.0,55.0,23.0
2014-08-11,6.0,58.0,36.0,35.0,24.0,66.0,20.0,2.0,6.0,51.0,3.0,10.0,7.0,25.0,8.0,5.0,27.0,39.0,6.0,21.0,14.0,3.0,16.0,11.0,40.0,6.0,10.0,13.0,10.0,29.0,15.0,19.0,92.0,37.0,55.0,23.0
2014-09-10,6.0,58.0,36.0,35.0,24.0,66.0,20.0,2.0,7.0,50.0,3.0,10.0,7.0,25.0,8.0,5.0,28.0,39.0,6.0,21.0,15.0,3.0,16.0,11.0,40.0,6.0,11.0,13.0,10.0,29.0,15.0,19.0,92.0,37.0,55.0,23.0
2014-10-13,6.0,59.0,36.0,35.0,24.0,66.0,20.0,2.0,7.0,51.0,3.0,10.0,7.0,25.0,8.0,5.0,28.0,39.0,6.0,21.0,15.0,3.0,16.0,11.0,40.0,6.0,11.0,13.0,10.0,29.0,15.0,19.0,92.0,37.0,55.0,23.0
2014-11-10,6.0,60.0,36.0,35.0,24.0,66.0,20.0,2.0,7.0,52.0,3.0,10.0,7.0,25.0,8.0,5.0,30.0,39.0,6.0,21.0,15.0,3.0,16.0,11.0,40.0,6.0,11.0,13.0,10.0,29.0,15.0,19.0,92.0,37.0,55.0,23.0
2014-12-10,6.0,60.0,36.0,35.0,24.0,66.0,20.0,2.0,7.0,52.0,3.0,10.0,7.0,25.0,8.0,5.0,30.0,39.0,6.0,21.0,15.0,3.0,16.0,11.0,40.0,6.0,11.0,13.0,10.0,30.0,15.0,19.0,92.0,38.0,55.0,23.0
2015-01-12,6.0,60.0,36.0,35.0,24.0,69.0,20.0,2.0,7.0,53.0,3.0,10.0,7.0,25.0,8.0,5.0,30.0,39.0,6.0,21.0,15.0,2.0,16.0,11.0,40.0,6.0,11.0,11.0,10.0,30.0,15.0,19.0,92.0,38.0,55.0,23.0
2015-02-10,6.0,60.0,36.0,35.0,24.0,70.0,20.0,2.0,7.0,53.0,3.0,10.0,7.0,25.0,8.0,5.0,30.0,39.0,6.0,23.0,15.0,3.0,16.0,11.0,40.0,6.0,11.0,13.0,10.0,30.0,15.0,19.0,92.0,38.0,56.0,23.0
2015-03-10,6.0,60.0,36.0,35.0,24.0,70.0,20.0,2.0,7.0,53.0,3.0,10.0,7.0,25.0,8.0,5.0,30.0,39.0,6.0,23.0,15.0,3.0,16.0,11.0,40.0,6.0,11.0,13.0,10.0,30.0,15.0,19.0,92.0,38.0,56.0,23.0
2015-04-10,6.0,60.0,36.0,35.0,24.0,70.0,20.0,2.0,7.0,53.0,3.0,10.0,7.0,25.0,8.0,5.0,30.0,39.0,6.0,23.0,15.0,3.0,16.0,11.0,40.0,6.0,11.0,13.0,10.0,30.0,15.0,19.0,92.0,38.0,56.0,23.0
2015-05-11,6.0,61.0,36.0,35.0,24.0,72.0,20.0,2.0,7.0,52.0,3.0,10.0,7.0,26.0,8.0,5.0,30.0,39.0,6.0,23.0,15.0,3.0,16.0,11.0,40.0,6.0,11.0,13.0,10.0,30.0,15.0,19.0,92.0,38.0,56.0,23.0
2015-06-10,6.0,61.0,36.0,35.0,24.0,72.0,20.0,2.0,7.0,51.0,3.0,10.0,7.0,26.0,8.0,5.0,30.0,39.0,6.0,23.0,15.0,3.0,16.0,11.0,40.0,6.0,11.0,13.0,10.0,30.0,15.0,19.0,92.0,38.0,56.0,23.0
2015-07-13,6.0,61.0,36.0,35.0,24.0,72.0,20.0,2.0,7.0,51.0,3.0,10.0,7.0,26.0,8.0,5.0,30.0,39.0,7.0,23.0,15.0,3.0,16.0,11.0,40.0,6.0,11.0,13.0,10.0,30.0,15.0,19.0,92.0,38.0,56.0,23.0
2015-08-10,6.0,61.0,36.0,35.0,24.0,72.0,20.0,2.0,7.0,53.0,3.0,10.0,7.0,26.0,8.0,5.0,30.0,39.0,7.0,23.0,15.0,3.0,16.0,11.0,40.0,6.0,12.0,13.0,10.0,30.0,15.0,19.0,91.0,38.0,56.0,23.0
2015-09-10,6.0,61.0,37.0,35.0,24.0,72.0,20.0,2.0,7.0,53.0,3.0,10.0,7.0,28.0,8.0,5.0,30.0,39.0,7.0,23.0,16.0,3.0,16.0,11.0,40.0,6.0,12.0,13.0,10.0,30.0,15.0,19.0,91.0,39.0,56.0,23.0
2015-10-12,6.0,61.0,37.0,36.0,25.0,72.0,20.0,2.0,7.0,52.0,3.0,10.0,7.0,28.0,8.0,5.0,31.0,39.0,7.0,23.0,16.0,3.0,16.0,11.0,40.0,6.0,12.0,13.0,10.0,30.0,15.0,19.0,91.0,39.0,56.0,23.0
2015-11-10,6.0,61.0,37.0,36.0,25.0,72.0,20.0,2.0,7.0,53.0,3.0,10.0,7.0,28.0,8.0,5.0,31.0,39.0,7.0,23.0,16.0,3.0,16.0,11.0,40.0,6.0,12.0,13.0,10.0,30.0,15.0,19.0,91.0,39.0,56.0,23.0
2015-12-10,6.0,61.0,37.0,36.0,25.0,72.0,20.0,2.0,7.0,53.0,3.0,10.0,7.0,28.0,8.0,5.0,31.0,39.0,7.0,23.0,16.0,3.0,16.0,11.0,40.0,6.0,13.0,13.0,10.0,30.0,15.0,19.0,91.0,39.0,56.0,23.0
2016-01-11,6.0,61.0,37.0,36.0,25.0,72.0,20.0,2.0,7.0,53.0,3.0,10.0,7.0,28.0,8.0,5.0,31.0,39.0,7.0,23.0,16.0,3.0,16.0,11.0,40.0,6.0,13.0,13.0,10.0,30.0,15.0,19.0,91.0,39.0,56.0,23.0
2016-02-15,6.0,61.0,37.0,36.0,25.0,73.0,20.0,2.0,7.0,53.0,3.0,10.0,7.0,29.0,8.0,5.0,31.0,39.0,7.0,23.0,16.0,3.0,16.0,11.0,40.0,6.0,13.0,13.0,10.0,30.0,15.0,19.0,91.0,39.0,57.0,23.0
2016-03-10,6.0,61.0,37.0,36.0,25.0,73.0,20.0,2.0,7.0,52.0,3.0,10.0,7.0,29.0,8.0,5.0,31.0,39.0,7.0,23.0,16.0,3.0,16.0,11.0,40.0,6.0,13.0,13.0,10.0,30.0,15.0,19.0,91.0,39.0,57.0,23.0
2016-04-11,6.0,61.0,37.0,36.0,25.0,73.0,20.0,2.0,7.0,52.0,3.0,10.0,7.0,29.0,8.0,5.0,31.0,39.0,7.0,23.0,16.0,3.0,16.0,11.0,40.0,6.0,13.0,13.0,10.0,30.0,15.0,19.0,91.0,39.0,57.0,23.0
2016-05-10,6.0,61.0,37.0,36.0,25.0,73.0,20.0,2.0,7.0,53.0,3.0,10.0,7.0,29.0,8.0,5.0,31.0,39.0,7.0,23.0,16.0,3.0,16.0,11.0,40.0,6.0,13.0,13.0,10.0,30.0,15.0,19.0,91.0,39.0,57.0,23.0
2016-06-13,6.0,61.0,37.0,36.0,25.0,73.0,20.0,2.0,7.0,53.0,3.0,11.0,7.0,29.0,8.0,5.0,31.0,39.0,8.0,23.0,16.0,3.0,16.0,11.0,40.0,6.0,13.0,13.0,10.0,30.0,15.0,19.0,91.0,39.0,57.0,23.0
2016-07-11,6.0,62.0,38.0,36.0,25.0,73.0,20.0,2.0,7.0,53.0,3.0,11.0,7.0,29.0,8.0,5.0,31.0,39.0,8.0,23.0,16.0,3.0,16.0,11.0,40.0,6.0,13.0,13.0,10.0,30.0,15.0,19.0,91.0,41.0,57.0,23.0
2016-08-10,6.0,61.0,38.0,36.0,26.0,73.0,20.0,2.0,7.0,53.0,3.0,11.0,7.0,29.0,8.0,5.0,32.0,38.0,8.0,23.0,16.0,3.0,16.0,11.0,40.0,6.0,13.0,13.0,10.0,30.0,15.0,19.0,91.0,41.0,57.0,23.0
2016-09-12,6.0,62.0,38.0,36.0,26.0,73.0,20.0,2.0,7.0,53.0,3.0,11.0,7.0,29.0,8.0,5.0,32.0,39.0,8.0,23.0,16.0,3.0,16.0,11.0,40.0,6.0,13.0,13.0,10.0,30.0,15.0,19.0,91.0,41.0,57.0,23.0
2016-10-11,6.0,62.0,41.0,36.0,26.0,73.0,20.0,2.0,7.0,52.0,3.0,11.0,7.0,29.0,8.0,5.0,32.0,39.0,9.0,23.0,16.0,3.0,16.0,11.0,40.0,6.0,13.0,13.0,10.0,30.0,15.0,19.0,91.0,41.0,57.0,23.0
2016-11-10,6.0,62.0,41.0,36.0,26.0,73.0,20.0,2.0,7.0,52.0,3.0,11.0,7.0,29.0,8.0,5.0,32.0,39.0,9.0,23.0,16.0,3.0,17.0,11.0,40.0,6.0,13.0,13.0,10.0,30.0,15.0,19.0,91.0,41.0,57.0,23.0
2016-12-12,6.0,61.0,42.0,36.0,26.0,73.0,20.0,2.0,7.0,53.0,3.0,11.0,7.0,29.0,8.0,5.0,32.0,39.0,9.0,23.0,16.0,3.0,17.0,11.0,40.0,6.0,13.0,13.0,10.0,30.0,15.0,19.0,91.0,43.0,58.0,23.0
2017-01-10,6.0,62.0,42.0,36.0,26.0,73.0,20.0,2.0,7.0,52.0,3.0,11.0,7.0,29.0,8.0,5.0,32.0,39.0,9.0,23.0,16.0,3.0,17.0,11.0,40.0,6.0,13.0,13.0,10.0,30.0,15.0,19.0,91.0,43.0,58.0,23.0
2017-02-10,6.0,63.0,43.0,36.0,26.0,73.0,20.0,2.0,7.0,53.0,3.0,11.0,7.0,29.0,8.0,5.0,33.0,39.0,9.0,23.0,16.0,3.0,17.0,11.0,40.0,6.0,13.0,13.0,10.0,30.0,15.0,19.0,92.0,44.0,58.0,23.0
2017-03-10,6.0,63.0,43.0,36.0,26.0,73.0,20.0,2.0,7.0,53.0,3.0,11.0,7.0,29.0,8.0,5.0,33.0,39.0,9.0,23.0,16.0,3.0,17.0,11.0,40.0,6.0,13.0,13.0,10.0,30.0,15.0,19.0,92.0,44.0,58.0,23.0
2017-04-10,6.0,63.0,43.0,36.0,26.0,72.0,20.0,2.0,7.0,53.0,3.0,11.0,7.0,29.0,8.0,5.0,33.0,39.0,9.0,23.0,16.0,3.0,17.0,11.0,40.0,6.0,13.0,13.0,10.0,30.0,15.0,19.0,92.0,44.0,58.0,23.0
2017-05-10,6.0,63.0,43.0,36.0,26.0,73.0,20.0,2.0,7.0,53.0,3.0,11.0,7.0,29.0,8.0,5.0,34.0,39.0,9.0,23.0,16.0,3.0,17.0,11.0,40.0,6.0,13.0,13.0,10.0,30.0,15.0,19.0,92.0,44.0,58.0,23.0
2017-06-12,6.0,63.0,43.0,36.0,27.0,73.0,20.0,2.0,7.0,52.0,3.0,11.0,7.0,29.0,8.0,5.0,34.0,39.0,9.0,23.0,16.0,3.0,17.0,11.0,40.0,6.0,13.0,13.0,10.0,30.0,15.0,19.0,93.0,44.0,58.0,23.0
2017-07-10,6.0,63.0,43.0,36.0,27.0,73.0,20.0,2.0,7.0,52.0,3.0,11.0,7.0,29.0,8.0,5.0,34.0,39.0,9.0,23.0,16.0,3.0,17.0,11.0,40.0,6.0,13.0,13.0,10.0,30.0,15.0,19.0,93.0,44.0,58.0,23.0
2017-08-10,6.0,62.0,43.0,36.0,27.0,73.0,20.0,2.0,7.0,52.0,3.0,11.0,7.0,29.0,8.0,5.0,34.0,39.0,9.0,23.0,16.0,3.0,18.0,11.0,40.0,6.0,13.0,13.0,10.0,30.0,15.0,19.0,93.0,44.0,58.0,23.0
2017-09-11,6.0,63.0,44.0,36.0,27.0,73.0,20.0,2.0,7.0,53.0,3.0,11.0,7.0,31.0,8.0,5.0,34.0,39.0,9.0,23.0,16.0,3.0,18.0,11.0,40.0,6.0,13.0,13.0,10.0,30.0,15.0,19.0,93.0,44.0,58.0,23.0
2017-10-11,6.0,64.0,44.0,36.0,27.0,73.0,20.0,2.0,7.0,53.0,3.0,11.0,7.0,31.0,8.0,5.0,34.0,39.0,9.0,23.0,16.0,3.0,18.0,11.0,40.0,6.0,13.0,13.0,10.0,30.0,15.0,19.0,93.0,44.0,58.0,23.0
2017-11-10,6.0,64.0,44.0,37.0,27.0,73.0,20.0,2.0,7.0,52.0,3.0,11.0,7.0,31.0,8.0,5.0,34.0,39.0,9.0,23.0,16.0,3.0,18.0,11.0,40.0,6.0,14.0,13.0,10.0,30.0,15.0,19.0,93.0,44.0,58.0,23.0
2017-12-11,6.0,64.0,44.0,37.0,27.0,73.0,20.0,2.0,7.0,53.0,3.0,11.0,7.0,31.0,8.0,5.0,34.0,39.0,9.0,23.0,16.0,3.0,18.0,11.0,41.0,6.0,14.0,13.0,10.0,30.0,15.0,19.0,93.0,44.0,58.0,23.0
2018-01-10,6.0,64.0,44.0,37.0,27.0,73.0,20.0,2.0,7.0,53.0,3.0,11.0,7.0,31.0,8.0,5.0,34.0,39.0,9.0,23.0,16.0,3.0,18.0,11.0,41.0,6.0,14.0,13.0,10.0,30.0,15.0,19.0,94.0,44.0,58.0,23.0
2018-02-12,6.0,64.0,44.0,38.0,27.0,74.0,20.0,2.0,8.0,52.0,3.0,11.0,7.0,31.0,8.0,5.0,34.0,39.0,9.0,23.0,16.0,3.0,18.0,11.0,41.0,6.0,14.0,13.0,10.0,30.0,15.0,19.0,94.0,44.0,58.0,23.0
2018-03-12,6.0,64.0,44.0,38.0,27.0,74.0,20.0,2.0,8.0,53.0,3.0,11.0,7.0,31.0,8.0,5.0,34.0,39.0,9.0,23.0,16.0,3.0,18.0,11.0,41.0,6.0,14.0,13.0,10.0,30.0,15.0,19.0,94.0,44.0,58.0,23.0
2018-04-10,6.0,64.0,44.0,38.0,27.0,74.0,20.0,2.0,8.0,52.0,3.0,11.0,7.0,31.0,8.0,5.0,34.0,39.0,9.0,23.0,16.0,3.0,18.0,11.0,41.0,6.0,14.0,13.0,10.0,30.0,15.0,19.0,94.0,44.0,58.0,23.0
2018-05-10,6.0,64.0,44.0,38.0,27.0,74.0,20.0,2.0,8.0,52.0,3.0,11.0,7.0,31.0,8.0,5.0,34.0,39.0,9.0,23.0,16.0,3.0,18.0,11.0,41.0,6.0,14.0,13.0,10.0,30.0,15.0,19.0,94.0,45.0,58.0,23.0
2018-06-11,6.0,64.0,44.0,38.0,27.0,75.0,20.0,2.0,8.0,51.0,3.0,11.0,7.0,31.0,8.0,5.0,34.0,39.0,9.0,23.0,16.0,3.0,18.0,11.0,41.0,6.0,14.0,13.0,10.0,30.0,15.0,19.0,94.0,45.0,58.0,23.0
2018-07-10,6.0,64.0,44.0,39.0,27.0,75.0,20.0,2.0,8.0,51.0,3.0,11.0,7.0,31.0,8.0,5.0,34.0,39.0,9.0,23.0,16.0,3.0,18.0,11.0,41.0,6.0,14.0,13.0,10.0,30.0,15.0,19.0,94.0,45.0,58.0,23.0
2018-08-10,6.0,64.0,44.0,39.0,27.0,75.0,20.0,2.0,9.0,52.0,3.0,11.0,7.0,31.0,8.0,5.0,34.0,39.0,10.0,23.0,16.0,3.0,18.0,11.0,41.0,6.0,14.0,13.0,10.0,30.0,15.0,19.0,94.0,45.0,58.0,23.0
2018-09-10,6.0,64.0,44.0,40.0,27.0,75.0,20.0,2.0,9.0,52.0,3.0,11.0,7.0,31.0,8.0,5.0,34.0,39.0,10.0,23.0,17.0,3.0,18.0,11.0,41.0,6.0,14.0,13.0,10.0,30.0,15.0,19.0,94.0,45.0,58.0,23.0
2018-10-11,6.0,64.0,44.0,40.0,27.0,75.0,20.0,2.0,9.0,51.0,3.0,11.0,7.0,31.0,8.0,5.0,35.0,39.0,10.0,23.0,17.0,3.0,18.0,11.0,41.0,6.0,14.0,13.0,10.0,30.0,15.0,19.0,94.0,45.0,58.0,23.0
2018-11-12,6.0,64.0,44.0,40.0,27.0,75.0,21.0,2.0,10.0,52.0,3.0,11.0,7.0,31.0,8.0,5.0,35.0,39.0,10.0,23.0,17.0,3.0,19.0,11.0,41.0,6.0,14.0,13.0,10.0,30.0,15.0,19.0,94.0,45.0,59.0,23.0
2018-12-10,6.0,64.0,44.0,40.0,27.0,76.0,21.0,2.0,10.0,52.0,3.0,11.0,7.0,31.0,8.0,5.0,35.0,39.0,10.0,23.0,17.0,3.0,19.0,11.0,41.0,6.0,14.0,13.0,10.0,30.0,15.0,19.0,94.0,45.0,59.0,23.0
2019-01-10,6.0,64.0,44.0,40.0,27.0,76.0,21.0,2.0,10.0,53.0,3.0,11.0,7.0,31.0,8.0,5.0,35.0,39.0,9.0,23.0,17.0,3.0,19.0,11.0,41.0,6.0,14.0,13.0,10.0,30.0,15.0,19.0,94.0,45.0,59.0,23.0
2019-02-11,6.0,64.0,44.0,40.0,27.0,77.0,21.0,2.0,10.0,53.0,3.0,11.0,7.0,31.0,8.0,5.0,35.0,39.0,11.0,23.0,17.0,3.0,19.0,11.0,41.0,6.0,14.0,13.0,10.0,30.0,15.0,19.0,94.0,45.0,59.0,23.0
2019-03-11,6.0,64.0,44.0,40.0,27.0,77.0,21.0,2.0,10.0,53.0,3.0,11.0,7.0,31.0,8.0,5.0,35.0,39.0,11.0,23.0,17.0,3.0,19.0,11.0,41.0,6.0,14.0,13.0,10.0,30.0,15.0,19.0,94.0,45.0,59.0,23.0
2019-04-10,6.0,64.0,44.0,40.0,27.0,77.0,21.0,2.0,10.0,53.0,3.0,11.0,7.0,31.0,8.0,5.0,35.0,40.0,11.0,23.0,17.0,3.0,19.0,11.0,41.0,6.0,14.0,13.0,10.0,30.0,15.0,19.0,94.0,45.0,59.0,23.0
2019-05-10,6.0,64.0,44.0,40.0,27.0,77.0,21.0,2.0,10.0,53.0,3.0,11.0,7.0,31.0,8.0,5.0,35.0,40.0,11.0,23.0,17.0,3.0,19.0,11.0,41.0,6.0,14.0,13.0,10.0,30.0,15.0,19.0,94.0,45.0,59.0,23.0
2019-06-10,6.0,64.0,44.0,40.0,27.0,77.0,21.0,2.0,10.0,52.0,3.0,11.0,7.0,31.0,8.0,5.0,35.0,40.0,11.0,23.0,17.0,2.0,19.0,11.0,41.0,6.0,14.0,13.0,10.0,30.0,15.0,19.0,94.0,45.0,59.0,23.0
2019-07-10,6.0,64.0,44.0,40.0,27.0,77.0,21.0,2.0,10.0,52.0,3.0,11.0,7.0,31.0,8.0,5.0,35.0,40.0,11.0,23.0,17.0,3.0,19.0,11.0,41.0,6.0,14.0,13.0,10.0,30.0,15.0,19.0,94.0,45.0,59.0,23.0
2019-08-12,6.0,64.0,45.0,40.0,27.0,77.0,21.0,2.0,10.0,52.0,3.0,11.0,7.0,31.0,8.0,5.0,35.0,40.0,11.0,23.0,17.0,3.0,19.0,11.0,41.0,6.0,14.0,13.0,10.0,30.0,15.0,19.0,94.0,46.0,59.0,23.0
2019-09-10,6.0,64.0,45.0,40.0,27.0,78.0,21.0,2.0,10.0,53.0,3.0,11.0,7.0,31.0,8.0,5.0,35.0,40.0,11.0,23.0,17.0,3.0,19.0,11.0,41.0,6.0,14.0,13.0,10.0,30.0,15.0,19.0,94.0,46.0,59.0,23.0
2019-10-14,6.0,64.0,45.0,40.0,27.0,78.0,21.0,2.0,10.0,52.0,3.0,11.0,7.0,31.0,8.0,5.0,35.0,40.0,11.0,23.0,17.0,3.0,19.0,11.0,41.0,6.0,14.0,13.0,10.0,30.0,15.0,19.0,94.0,46.0,59.0,23.0
2019-11-11,6.0,64.0,45.0,40.0,27.0,78.0,21.0,2.0,10.0,51.0,3.0,11.0,7.0,31.0,8.0,5.0,35.0,41.0,11.0,23.0,17.0,3.0,19.0,11.0,41.0,6.0,14.0,13.0,10.0,31.0,15.0,19.0,94.0,46.0,59.0,23.0
2019-12-10,6.0,64.0,45.0,40.0,27.0,78.0,21.0,2.0,10.0,52.0,3.0,11.0,7.0,31.0,8.0,5.0,35.0,41.0,11.0,23.0,17.0,3.0,19.0,11.0,41.0,6.0,14.0,13.0,10.0,31.0,15.0,19.0,94.0,46.0,59.0,23.0
2020-01-10,6.0,64.0,45.0,40.0,27.0,78.0,21.0,2.0,10.0,52.0,3.0,11.0,7.0,31.0,8.0,5.0,35.0,41.0,11.0,23.0,17.0,3.0,18.0,11.0,41.0,6.0,14.0,13.0,10.0,31.0,15.0,20.0,94.0,46.0,59.0,23.0
2020-02-17,6.0,64.0,45.0,40.0,27.0,79.0,21.0,2.0,10.0,53.0,3.0,11.0,7.0,32.0,8.0,5.0,35.0,41.0,11.0,23.0,17.0,3.0,19.0,11.0,41.0,6.0,14.0,13.0,10.0,31.0,15.0,20.0,94.0,46.0,59.0,23.0
2020-03-10,6.0,64.0,45.0,40.0,27.0,79.0,20.0,1.0,10.0,52.0,3.0,11.0,7.0,32.0,8.0,5.0,35.0,41.0,11.0,23.0,17.0,3.0,19.0,11.0,41.0,6.0,14.0,13.0,10.0,31.0,15.0,20.0,94.0,46.0,59.0,23.0
2020-04-10,6.0,64.0,45.0,40.0,27.0,79.0,21.0,2.0,10.0,53.0,3.0,11.0,7.0,32.0,8.0,5.0,35.0,41.0,11.0,23.0,17.0,1.0,19.0,11.0,41.0,6.0,14.0,12.0,10.0,31.0,15.0,20.0,94.0,46.0,59.0,23.0
2020-05-11,6.0,64.0,45.0,40.0,27.0,79.0,21.0,2.0,10.0,53.0,3.0,11.0,7.0,32.0,8.0,5.0,35.0,41.0,11.0,23.0,17.0,3.0,19.0,11.0,41.0,6.0,14.0,13.0,10.0,31.0,15.0,20.0,94.0,46.0,59.0,23.0
2020-06-10,6.0,64.0,45.0,40.0,27.0,79.0,21.0,2.0,10.0,54.0,3.0,11.0,7.0,32.0,8.0,5.0,35.0,41.0,11.0,23.0,17.0,3.0,19.0,11.0,41.0,6.0,14.0,13.0,10.0,31.0,15.0,20.0,94.0,46.0,59.0,23.0
2020-07-10,6.0,64.0,45.0,40.0,28.0,79.0,21.0,2.0,10.0,54.0,3.0,11.0,7.0,32.0,8.0,5.0,35.0,41.0,11.0,23.0,17.0,3.0,19.0,11.0,41.0,6.0,14.0,13.0,10.0,31.0,15.0,20.0,94.0,46.0,59.0,23.0
2020-08-10,6.0,64.0,45.0,40.0,28.0,79.0,21.0,2.0,10.0,53.0,3.0,11.0,7.0,32.0,8.0,5.0,37.0,41.0,11.0,23.0,17.0,3.0,19.0,11.0,41.0,6.0,14.0,13.0,10.0,31.0,15.0,20.0,94.0,46.0,59.0,23.0
2020-09-10,6.0,64.0,45.0,40.0,28.0,79.0,21.0,2.0,10.0,54.0,3.0,11.0,7.0,32.0,8.0,5.0,36.0,41.0,11.0,23.0,17.0,3.0,19.0,11.0,42.0,7.0,14.0,13.0,10.0,31.0,15.0,20.0,94.0,46.0,59.0,23.0
2020-10-12,6.0,64.0,45.0,40.0,28.0,79.0,21.0,2.0,10.0,53.0,3.0,11.0,7.0,32.0,8.0,5.0,37.0,41.0,11.0,23.0,17.0,3.0,19.0,11.0,42.0,7.0,14.0,13.0,10.0,31.0,15.0,20.0,94.0,47.0,59.0,23.0
2020-11-10,6.0,64.0,45.0,40.0,28.0,79.0,21.0,2.0,10.0,53.0,3.0,11.0,7.0,32.0,8.0,5.0,37.0,41.0,11.0,23.0,17.0,3.0,19.0,11.0,42.0,7.0,14.0,13.0,10.0,31.0,15.0,20.0,94.0,47.0,59.0,23.0
2020-12-10,6.0,64.0,45.0,40.0,28.0,79.0,21.0,2.0,10.0,53.0,3.0,11.0,7.0,32.0,8.0,5.0,37.0,41.0,11.0,23.0,17.0,3.0,19.0,11.0,42.0,7.0,14.0,13.0,10.0,31.0,15.0,20.0,94.0,47.0,59.0,23.0
2021-01-11,6.0,64.0,45.0,40.0,28.0,79.0,21.0,2.0,10.0,54.0,3.0,11.0,7.0,32.0,8.0,5.0,37.0,41.0,11.0,23.0,17.0,3.0,19.0,11.0,42.0,7.0,14.0,13.0,10.0,31.0,15.0,20.0,94.0,47.0,59.0,23.0
2021-02-17,6.0,65.0,45.0,40.0,28.0,79.0,21.0,2.0,10.0,53.0,3.0,11.0,7.0,32.0,8.0,5.0,37.0,41.0,11.0,23.0,17.0,3.0,19.0,11.0,42.0,7.0,15.0,13.0,10.0,31.0,15.0,20.0,95.0,47.0,59.0,23.0
2021-03-10,6.0,65.0,45.0,40.0,28.0,79.0,21.0,2.0,10.0,54.0,3.0,11.0,7.0,32.0,8.0,5.0,37.0,41.0,11.0,23.0,17.0,3.0,19.0,11.0,42.0,7.0,15.0,13.0,10.0,31.0,15.0,20.0,95.0,47.0,59.0,23.0
2021-04-12,6.0,65.0,45.0,40.0,28.0,79.0,21.0,2.0,10.0,54.0,3.0,11.0,7.0,32.0,8.0,5.0,37.0,41.0,11.0,23.0,17.0,3.0,19.0,11.0,42.0,7.0,15.0,13.0,10.0,31.0,15.0,20.0,95.0,47.0,59.0,23.0
2021-05-10,6.0,65.0,45.0,40.0,28.0,79.0,21.0,2.0,10.0,54.0,3.0,11.0,7.0,33.0,8.0,5.0,37.0,41.0,11.0,23.0,17.0,3.0,19.0,11.0,42.0,7.0,15.0,13.0,10.0,31.0,15.0,20.0,95.0,47.0,59.0,23.0
2021-06-10,6.0,65.0,45.0,40.0,28.0,79.0,21.0,2.0,10.0,54.0,3.0,11.0,7.0,33.0,8.0,5.0,37.0,41.0,11.0,23.0,17.0,3.0,19.0,11.0,42.0,7.0,15.0,13.0,10.0,31.0,15.0,20.0,95.0,47.0,59.0,23.0
2021-07-12,6.0,65.0,45.0,40.0,28.0,79.0,21.0,2.0,10.0,54.0,3.0,11.0,7.0,33.0,8.0,5.0,37.0,41.0,11.0,23.0,17.0,3.0,19.0,11.0,42.0,7.0,15.0,13.0,10.0,31.0,15.0,20.0,95.0,47.0,59.0,23.0
2021-08-10,6.0,64.0,45.0,40.0,28.0,79.0,21.0,2.0,10.0,54.0,3.0,11.0,7.0,33.0,8.0,5.0,37.0,41.0,11.0,23.0,17.0,3.0,19.0,11.0,42.0,7.0,15.0,13.0,10.0,31.0,15.0,20.0,95.0,47.0,59.0,23.0
2021-09-10,6.0,65.0,45.0,40.0,28.0,79.0,21.0,2.0,10.0,54.0,3.0,11.0,7.0,33.0,8.0,5.0,38.0,41.0,11.0,23.0,17.0,3.0,19.0,11.0,42.0,7.0,15.0,13.0,10.0,31.0,15.0,20.0,95.0,47.0,59.0,23.0
2021-10-12,6.0,64.0,45.0,40.0,28.0,79.0,21.0,2.0,10.0,54.0,3.0,11.0,7.0,33.0,8.0,5.0,37.0,41.0,11.0,23.0,17.0,3.0,19.0,11.0,42.0,7.0,15.0,13.0,10.0,31.0,15.0,20.0,95.0,47.0,59.0,23.0
2021-11-10,6.0,64.0,45.0,40.0,28.0,79.0,21.0,2.0,10.0,54.0,3.0,11.0,7.0,33.0,8.0,5.0,38.0,41.0,11.0,23.0,17.0,3.0,19.0,11.0,42.0,7.0,15.0,13.0,10.0,31.0,15.0,20.0,95.0,47.0,59.0,23.0
2021-12-10,6.0,65.0,45.0,40.0,28.0,79.0,21.0,2.0,10.0,54.0,3.0,11.0,7.0,33.0,8.0,5.0,38.0,41.0,11.0,23.0,17.0,3.0,19.0,11.0,42.0,7.0,15.0,13.0,10.0,31.0,15.0,20.0,95.0,47.0,59.0,23.0
2022-01-10,6.0,65.0,44.0,40.0,28.0,79.0,21.0,2.0,10.0,54.0,3.0,11.0,7.0,33.0,8.0,5.0,38.0,41.0,11.0,23.0,17.0,3.0,19.0,11.0,41.0,7.0,15.0,13.0,10.0,31.0,15.0,20.0,95.0,47.0,59.0,23.0
2022-02-14,6.0,64.0,45.0,40.0,28.0,79.0,21.0,2.0,11.0,53.0,3.0,11.0,7.0,33.0,8.0,5.0,38.0,41.0,11.0,23.0,17.0,2.0,19.0,11.0,42.0,7.0,15.0,13.0,10.0,31.0,15.0,20.0,95.0,47.0,59.0,23.0
2022-03-10,6.0,65.0,45.0,40.0,28.0,79.0,21.0,2.0,11.0,53.0,3.0,11.0,7.0,33.0,8.0,5.0,38.0,41.0,11.0,23.0,17.0,3.0,19.0,11.0,42.0,7.0,15.0,13.0,10.0,31.0,15.0,20.0,95.0,47.0,59.0,23.0
2022-04-11,6.0,64.0,45.0,40.0,28.0,79.0,21.0,2.0,11.0,53.0,3.0,11.0,7.0,33.0,8.0,5.0,38.0,41.0,11.0,23.0,17.0,3.0,19.0,11.0,42.0,7.0,15.0,13.0,10.0,31.0,15.0,20.0,95.0,47.0,59.0,23.0
2022-05-10,6.0,64.0,45.0,40.0,28.0,79.0,21.0,2.0,11.0,53.0,3.0,11.0,7.0,33.0,8.0,5.0,38.0,41.0,11.0,23.0,17.0,3.0,19.0,11.0,42.0,7.0,15.0,13.0,10.0,31.0,15.0,20.0,95.0,47.0,59.0,23.0
2022-06-10,6.0,65.0,45.0,40.0,28.0,80.0,21.0,2.0,11.0,53.0,3.0,11.0,7.0,33.0,8.0,5.0,38.0,41.0,11.0,23.0,17.0,3.0,19.0,11.0,42.0,7.0,15.0,13.0,10.0,31.0,15.0,20.0,95.0,47.0,59.0,23.0
2022-07-11,6.0,64.0,44.0,40.0,28.0,80.0,21.0,1.0,11.0,52.0,3.0,11.0,7.0,33.0,8.0,5.0,38.0,41.0,11.0,23.0,17.0,3.0,19.0,11.0,42.0,7.0,15.0,13.0,10.0,31.0,15.0,20.0,95.0,47.0,59.0,23.0
2022-08-10,6.0,65.0,45.0,41.0,28.0,81.0,21.0,2.0,11.0,53.0,3.0,11.0,7.0,33.0,8.0,5.0,38.0,41.0,11.0,23.0,17.0,3.0,19.0,11.0,42.0,7.0,15.0,13.0,10.0,31.0,15.0,20.0,96.0,47.0,59.0,23.0
2022-09-12,6.0,64.0,45.0,41.0,28.0,81.0,21.0,1.0,11.0,53.0,4.0,11.0,7.0,33.0,8.0,5.0,38.0,41.0,11.0,23.0,17.0,3.0,19.0,11.0,42.0,7.0,15.0,13.0,10.0,31.0,15.0,20.0,97.0,47.0,59.0,23.0
2022-10-11,6.0,64.0,45.0,41.0,28.0,81.0,21.0,2.0,11.0,53.0,4.0,11.0,7.0,33.0,8.0,5.0,37.0,41.0,11.0,23.0,17.0,3.0,19.0,11.0,42.0,7.0,15.0,13.0,10.0,31.0,15.0,20.0,97.0,47.0,59.0,23.0
2022-11-10,6.0,65.0,45.0,41.0,28.0,82.0,21.0,2.0,11.0,53.0,4.0,11.0,7.0,33.0,8.0,5.0,39.0,41.0,11.0,23.0,17.0,3.0,19.0,11.0,42.0,7.0,15.0,12.0,10.0,31.0,15.0,20.0,98.0,47.0,59.0,23.0
2022-12-12,6.0,65.0,44.0,41.0,28.0,82.0,21.0,2.0,11.0,53.0,4.0,11.0,7.0,33.0,8.0,5.0,39.0,41.0,11.0,23.0,17.0,3.0,18.0,11.0,43.0,7.0,15.0,10.0,9.0,31.0,15.0,20.0,98.0,47.0,59.0,23.0
2023-01-10,6.0,64.0,45.0,41.0,28.0,82.0,21.0,1.0,11.0,53.0,4.0,11.0,7.0,33.0,8.0,5.0,38.0,41.0,11.0,23.0,17.0,3.0,19.0,11.0,43.0,7.0,15.0,12.0,10.0,31.0,15.0,20.0,98.0,47.0,59.0,23.0
2023-02-10,6.0,65.0,45.0,41.0,28.0,82.0,21.0,2.0,11.0,54.0,4.0,11.0,7.0,33.0,8.0,5.0,39.0,41.0,11.0,23.0,17.0,3.0,19.0,11.0,43.0,7.0,15.0,13.0,10.0,31.0,15.0,20.0,98.0,47.0,59.0,23.0
2023-03-10,6.0,65.0,45.0,41.0,28.0,82.0,21.0,2.0,11.0,54.0,4.0,11.0,7.0,33.0,8.0,5.0,39.0,41.0,13.0,25.0,17.0,3.0,19.0,11.0,44.0,7.0,15.0,13.0,10.0,31.0,15.0,20.0,98.0,48.0,59.0,23.0
2023-04-12,6.0,65.0,44.0,41.0,28.0,82.0,21.0,2.0,11.0,53.0,4.0,11.0,7.0,33.0,8.0,5.0,39.0,41.0,13.0,25.0,17.0,3.0,19.0,11.0,44.0,7.0,15.0,13.0,10.0,30.0,15.0,20.0,98.0,48.0,59.0,23.0
2023-05-10,6.0,65.0,44.0,41.0,28.0,82.0,21.0,2.0,11.0,53.0,4.0,11.0,7.0,33.0,8.0,5.0,40.0,41.0,13.0,25.0,17.0,3.0,19.0,11.0,44.0,7.0,15.0,13.0,10.0,30.0,15.0,20.0,98.0,48.0,60.0,23.0
2023-06-12,6.0,65.0,44.0,41.0,28.0,82.0,21.0,2.0,11.0,53.0,4.0,11.0,7.0,33.0,8.0,5.0,41.0,41.0,13.0,25.0,17.0,3.0,19.0,11.0,44.0,7.0,15.0,13.0,10.0,31.0,15.0,20.0,98.0,48.0,60.0,23.0
2023-07-10,6.0,65.0,45.0,41.0,28.0,82.0,21.0,2.0,11.0,53.0,5.0,11.0,7.0,34.0,8.0,5.0,41.0,41.0,13.0,25.0,17.0,3.0,19.0,11.0,44.0,7.0,15.0,13.0,10.0,31.0,15.0,20.0,98.0,48.0,60.0,22.0
2023-08-10,6.0,65.0,45.0,41.0,28.0,82.0,21.0,2.0,11.0,52.0,5.0,11.0,7.0,34.0,8.0,5.0,40.0,41.0,13.0,25.0,17.0,3.0,19.0,11.0,44.0,7.0,15.0,13.0,10.0,31.0,15.0,20.0,98.0,48.0,60.0,22.0
2023-09-11,6.0,65.0,46.0,41.0,28.0,82.0,21.0,2.0,11.0,54.0,5.0,11.0,7.0,34.0,8.0,5.0,40.0,41.0,13.0,26.0,17.0,3.0,19.0,11.0,44.0,7.0,15.0,13.0,10.0,31.0,15.0,20.0,98.0,48.0,60.0,22.0
2023-10-11,6.0,65.0,45.0,41.0,28.0,83.0,21.0,2.0,11.0,53.0,5.0,11.0,7.0,35.0,8.0,5.0,41.0,41.0,13.0,26.0,17.0,3.0,19.0,11.0,44.0,7.0,15.0,13.0,10.0,31.0,15.0,20.0,98.0,48.0,60.0,23.0
2023-11-10,6.0,65.0,46.0,42.0,28.0,83.0,21.0,2.0,11.0,52.0,5.0,11.0,7.0,35.0,8.0,5.0,41.0,41.0,13.0,26.0,17.0,3.0,19.0,11.0,44.0,7.0,15.0,13.0,10.0,31.0,15.0,20.0,99.0,48.0,61.0,23.0
2023-12-11,6.0,67.0,46.0,42.0,28.0,84.0,21.0,2.0,11.0,53.0,5.0,11.0,7.0,36.0,8.0,5.0,42.0,41.0,14.0,26.0,17.0,3.0,18.0,11.0,44.0,7.0,15.0,11.0,10.0,31.0,15.0,20.0,99.0,48.0,61.0,23.0
2024-01-10,6.0,67.0,45.0,43.0,28.0,84.0,21.0,2.0,11.0,53.0,6.0,11.0,7.0,36.0,8.0,5.0,43.0,41.0,14.0,26.0,17.0,3.0,19.0,11.0,44.0,7.0,16.0,13.0,10.0,31.0,15.0,20.0,99.0,48.0,61.0,23.0
2024-02-15,6.0,67.0,45.0,43.0,28.0,84.0,21.0,2.0,11.0,53.0,6.0,11.0,7.0,36.0,8.0,5.0,43.0,41.0,14.0,26.0,17.0,3.0,19.0,11.0,44.0,7.0,16.0,13.0,10.0,31.0,15.0,20.0,99.0,48.0,61.0,23.0
2024-03-11,6.0,68.0,46.0,43.0,28.0,85.0,21.0,2.0,11.0,53.0,7.0,11.0,7.0,36.0,8.0,5.0,45.0,41.0,14.0,26.0,17.0,3.0,19.0,11.0,44.0,7.0,16.0,13.0,10.0,31.0,15.0,20.0,99.0,48.0,61.0,23.0
2024-04-10,6.0,68.0,45.0,43.0,28.0,85.0,21.0,2.0,11.0,53.0,7.0,11.0,7.0,36.0,8.0,5.0,45.0,41.0,14.0,26.0,17.0,3.0,19.0,11.0,44.0,7.0,16.0,13.0,10.0,31.0,15.0,20.0,99.0,48.0,61.0,23.0
2024-05-10,6.0,69.0,46.0,43.0,28.0,86.0,21.0,2.0,11.0,53.0,7.0,11.0,7.0,37.0,8.0,5.0,46.0,41.0,15.0,26.0,17.0,3.0,19.0,11.0,44.0,7.0,16.0,13.0,10.0,31.0,15.0,20.0,99.0,48.0,62.0,23.0
2024-06-11,6.0,69.0,48.0,43.0,28.0,87.0,21.0,2.0,11.0,54.0,7.0,11.0,7.0,37.0,8.0,5.0,46.0,41.0,16.0,26.0,17.0,3.0,19.0,11.0,44.0,7.0,17.0,13.0,10.0,31.0,15.0,20.0,99.0,48.0,62.0,23.0
2024-07-10,6.0,69.0,49.0,43.0,28.0,87.0,21.0,2.0,11.0,53.0,7.0,11.0,7.0,37.0,8.0,5.0,46.0,41.0,16.0,26.0,17.0,3.0,19.0,11.0,44.0,7.0,17.0,13.0,10.0,31.0,15.0,20.0,98.0,48.0,62.0,23.0
2024-08-12,6.0,69.0,49.0,43.0,28.0,87.0,21.0,2.0,11.0,52.0,7.0,11.0,7.0,37.0,8.0,5.0,46.0,41.0,16.0,26.0,17.0,3.0,19.0,11.0,44.0,7.0,17.0,13.0,10.0,31.0,15.0,20.0,98.0,48.0,62.0,23.0
2024-09-10,6.0,69.0,50.0,43.0,28.0,87.0,21.0,2.0,11.0,53.0,7.0,11.0,7.0,37.0,8.0,5.0,46.0,41.0,17.0,26.0,17.0,3.0,18.0,11.0,44.0,7.0,17.0,12.0,10.0,31.0,15.0,20.0,99.0,48.0,62.0,23.0
2024-10-11,6.0,69.0,49.0,43.0,28.0,87.0,21.0,1.0,11.0,53.0,7.0,11.0,7.0,37.0,8.0,5.0,49.0,41.0,18.0,26.0,17.0,3.0,19.0,11.0,44.0,7.0,17.0,13.0,10.0,31.0,15.0,20.0,99.0,48.0,62.0,23.0
2024-11-11,6.0,69.0,48.0,43.0,28.0,87.0,21.0,1.0,11.0,53.0,7.0,11.0,7.0,38.0,8.0,5.0,48.0,41.0,18.0,27.0,17.0,3.0,19.0,11.0,44.0,7.0,17.0,13.0,10.0,31.0,15.0,20.0,100.0,48.0,62.0,23.0
2024-12-10,6.0,69.0,48.0,43.0,28.0,88.0,21.0,2.0,11.0,53.0,8.0,11.0,7.0,38.0,8.0,5.0,50.0,41.0,18.0,27.0,18.0,3.0,19.0,11.0,45.0,7.0,17.0,13.0,10.0,31.0,15.0,20.0,101.0,48.0,62.0,23.0
2025-01-10,6.0,69.0,50.0,43.0,28.0,88.0,21.0,1.0,11.0,53.0,8.0,11.0,7.0,38.0,8.0,5.0,49.0,41.0,18.0,27.0,18.0,3.0,19.0,11.0,45.0,7.0,17.0,13.0,10.0,31.0,15.0,20.0,101.0,48.0,62.0,23.0
2025-02-10,6.0,69.0,49.0,43.0,28.0,88.0,21.0,2.0,11.0,53.0,8.0,11.0,7.0,39.0,8.0,5.0,50.0,41.0,19.0,27.0,18.0,3.0,19.0,11.0,45.0,7.0,17.0,13.0,10.0,31.0,15.0,20.0,101.0,48.0,62.0,23.0
2025-03-10,6.0,69.0,50.0,44.0,28.0,88.0,21.0,2.0,11.0,53.0,8.0,11.0,7.0,40.0,8.0,5.0,51.0,41.0,20.0,27.0,18.0,3.0,19.0,11.0,45.0,7.0,18.0,13.0,10.0,31.0,15.0,20.0,101.0,48.0,62.0,23.0
2025-04-10,6.0,69.0,49.0,44.0,28.0,88.0,21.0,2.0,11.0,54.0,8.0,11.0,7.0,41.0,8.0,5.0,50.0,41.0,20.0,27.0,18.0,3.0,19.0,11.0,45.0,7.0,18.0,13.0,10.0,31.0,15.0,20.0,101.0,48.0,62.0,23.0
2025-05-12,6.0,69.0,48.0,44.0,28.0,88.0,21.0,2.0,11.0,53.0,8.0,11.0,7.0,41.0,8.0,5.0,52.0,41.0,20.0,27.0,18.0,3.0,19.0,11.0,45.0,7.0,18.0,12.0,10.0,31.0,15.0,20.0,101.0,48.0,62.0,23.0
2025-06-10,5.0,69.0,49.0,44.0,28.0,90.0,21.0,2.0,11.0,53.0,8.0,11.0,7.0,41.0,8.0,5.0,52.0,41.0,21.0,27.0,18.0,3.0,19.0,11.0,45.0,7.0,18.0,11.0,10.0,31.0,15.0,20.0,101.0,48.0,62.0,23.0
2025-07-10,5.0,69.0,50.0,44.0,28.0,90.0,21.0,1.0,11.0,52.0,8.0,11.0,7.0,41.0,8.0,5.0,52.0,41.0,22.0,27.0,18.0,3.0,18.0,11.0,45.0,7.0,18.0,12.0,10.0,31.0,15.0,20.0,101.0,48.0,62.0,23.0
2025-08-11,6.0,69.0,49.0,44.0,28.0,91.0,21.0,2.0,11.0,53.0,9.0,11.0,7.0,41.0,8.0,5.0,53.0,41.0,22.0,27.0,18.0,3.0,19.0,11.0,45.0,7.0,18.0,12.0,10.0,31.0,15.0,20.0,101.0,48.0,62.0,23.0
2025-09-10,6.0,69.0,50.0,44.0,28.0,91.0,21.0,2.0,11.0,54.0,10.0,11.0,7.0,42.0,8.0,5.0,53.0,42.0,23.0,27.0,18.0,3.0,19.0,11.0,45.0,7.0,18.0,13.0,10.0,31.0,15.0,20.0,101.0,48.0,62.0,24.0
2025-10-13,6.0,69.0,49.0,45.0,28.0,91.0,21.0,2.0,11.0,54.0,10.0,11.0,7.0,42.0,8.0,5.0,54.0,42.0,23.0,27.0,18.0,3.0,19.0,11.0,45.0,7.0,18.0,12.0,10.0,31.0,15.0,20.0,101.0,49.0,62.0,24.0
2025-11-10,6.0,69.0,49.0,45.0,28.0,92.0,21.0,2.0,11.0,54.0,10.0,11.0,7.0,42.0,8.0,5.0,53.0,42.0,23.0,27.0,18.0,3.0,19.0,11.0,45.0,7.0,18.0,13.0,10.0,31.0,15.0,20.0,102.0,49.0,62.0,25.0
2025-12-10,6.0,69.0,50.0,45.0,28.0,92.0,21.0,2.0,11.0,54.0,10.0,11.0,7.0,42.0,8.0,5.0,54.0,42.0,24.0,27.0,18.0,3.0,19.0,11.0,45.0,7.0,18.0,13.0,10.0,31.0,15.0,20.0,102.0,49.0,63.0,25.0
2026-01-12,2.0,66.0,45.0,41.0,24.0,88.0,17.0,1.0,8.0,43.0,7.0,8.0,4.0,33.0,7.0,4.0,44.0,39.0,18.0,20.0,14.0,3.0,9.0,10.0,38.0,4.0,12.0,7.0,9.0,24.0,11.0,16.0,97.0,43.0,56.0,17.0
