date,電腦及週邊設備業,其他電子業,半導體業,電子通路業,電子零組件業,金控業,航運業,通信網路業,光電業,食品工業,塑膠工業,鋼鐵工業
2005-02-10,,,,,,,,,,,,
2005-03-10,,,,,,,,,,,,
2005-04-11,,,,,,,,,,,,
2005-05-10,,,,,,,,,,,,
2005-06-10,,,,,,,,,,,,
2005-07-11,,,,,,,,,,,,
2005-08-10,,,,,,,,,,,,
2005-09-12,,,,,,,,,,,,
2005-10-10,,,,,,,,,,,,
2005-11-10,,,,,,,,,,,,
2005-12-12,,,,,,,,,,,,
2006-01-10,,,,,,,,,,,,
2006-02-10,44.4420690906947,30.720270080753554,21.18335530229305,13.204970155353934,26.46444933815455,68.99044730362603,8.411613658013572,12.287499470218123,67.8378935110392,1.3243929060785753,-6.076996415113555,-20.992325116664322
2006-03-10,45.1591651586668,12.505321160563888,34.09055531876728,12.40354250276261,52.66685318781861,2.8364976318152824,-0.4292623011084684,18.524468561783138,87.94521586513353,4.0738969075651,-1.5688240608012882,-8.110864447418386
2006-04-10,43.330586780027794,5.92987384519108,37.50782185708399,9.207990867679051,31.41401461587947,-7.601909143078133,6.4879317490856625,17.462080713362525,58.98282867567162,-0.09069871523103012,-7.961578098803446,-12.025868629962378
2006-05-10,35.38724612865043,18.338618803165296,37.50027561041929,9.901870474172213,27.494338788471808,-23.82177325870679,6.282015200892577,7.974070556802326,53.16438108891322,-0.5348916817727201,6.505176092163345,-12.243888364575973
2006-06-12,22.04734768020913,26.6766518768788,29.195069896793548,7.204287709132218,27.71480345722168,-63.66548664856025,5.053609376669899,11.255084229410661,38.563229918032114,0.03891926371424326,21.890885840340534,-3.060240647568857
2006-07-10,34.442477368204806,32.42204818627772,25.890162000014637,20.230599460722807,25.734596793280673,-57.414480409017045,4.962497180750103,15.160466078846223,17.908765763201174,-0.9704775920001185,14.28624453801859,9.698542849865245
2006-08-10,23.687870136897327,48.71381146878113,23.432232787863548,9.489402914074985,24.389773327703313,-46.0049445854407,4.270761245649757,7.127702342107511,21.66843646600065,4.3668984281075796,19.52323200991415,22.80954559067172
2006-09-11,14.988980139480912,36.529924836933894,17.064734316464847,5.634132551004489,26.429191546534938,-43.68243191413873,6.0551519539536525,6.994459267041941,26.45947558732975,-5.887532265834583,22.333988135673888,23.174558304357085
2006-10-10,20.086386505567976,27.778447241008884,14.288601498770802,4.164469596533382,11.113845383839482,-61.55296047425522,2.3716978725285776,1.2060827836622767,32.93496385087566,-3.7322173903361455,2.021802065393108,17.721071467667127
2006-11-10,14.325573145443427,15.037801855144295,9.060713212647853,-0.9043365035583228,12.155229286609881,41.27930201228545,1.0090400855133463,2.475354432745669,24.365072479693396,1.4013691445197152,3.326985245022507,27.96748144217327
2006-12-11,22.366050962842454,29.505345040293896,2.309382317387132,0.6605895368186676,4.686964145317729,-24.945516799773625,2.4811163048385154,-1.903151967653438,20.951920182618,4.693565348396755,23.65359986645945,28.722272755040557
2007-01-10,30.931667727563237,19.01147595896302,0.09181247205223286,-2.2285551187471664,-2.126068856820007,-16.582410397428017,14.637564317006069,-0.9971277707713111,18.07538059326177,0.6859235900814831,12.44574904376623,32.85153111470365
2007-02-12,36.34197204722207,34.74112263175384,5.513562916573678,3.100444658235113,6.588413740225207,-46.70041910248358,2.423614700704957,3.780461162152937,24.10924254183582,4.686838045678177,13.657519075469304,42.9454167175926
2007-03-12,30.43707819181678,43.89194923028696,2.094893772263662,3.34218668944426,-12.087542338654956,-2.0429066545567975,14.60023292543815,-4.781133571246199,1.090263815124648,17.980721250116627,6.713819027878909,24.395305475661957
2007-04-10,39.517047399610284,53.38940091286766,1.9341471483290462,10.512753868974233,-5.0959828404588015,27.54179045450038,5.8940604569773125,-2.835896647500824,19.161060960690747,9.724000864991922,29.39879942902115,31.73063922270827
2007-05-10,17.28821929696014,38.08286304329855,-0.06670428940596107,11.334069813090796,-3.7557801663644197,84.48944267009782,6.963153590537896,2.6216468758361255,28.952925485567803,8.994064460881868,21.730968280265127,30.644253503715003
2007-06-11,41.73338114668104,44.254295838302006,6.593331507619649,11.29157339378466,-6.800342337586773,245.8706981585302,8.516098899269409,-4.614799304596772,48.87261827090883,19.19304050701609,26.800192672626743,25.68971505564679
2007-07-10,36.065951288398466,40.44114491841937,5.607221638551252,3.563976273041436,-6.900227758804334,320.7432342044986,12.04030775101337,-0.3152755985564748,75.77110705979946,14.056181543879397,17.464751024871305,13.39762219074807
2007-08-10,36.589049335774114,37.227148738538965,15.561189291008336,18.35370562035301,1.0936454510727112,228.035156866253,11.018550926964465,4.850080553126523,67.3785518471197,6.073887132942302,26.13686738865082,10.868511632271094
2007-09-10,49.45507590067899,38.65287414200856,17.423515822871806,14.935731656857175,0.03131098890256645,-10.482920851330702,13.053002694013415,7.928293285293431,60.07690641824441,23.659354329702808,17.178263455032482,0.8218770047698332
2007-10-11,40.76802214755095,31.318465153334294,10.765298524913414,8.156090942287953,6.582512356195158,94.99148090302427,15.145802065813019,11.665038133710116,57.08382661112261,15.749297352072444,37.9531274894797,0.08087747265721479
2007-11-12,35.8582004253656,42.35554767358016,12.51757887074303,13.900796367305123,4.588655181809798,6.471395427605997,13.03032603106804,15.54675303380515,39.364355091835534,18.994467686606974,46.13164992299823,9.156745305156267
2007-12-10,20.10079385145367,37.81860074284913,7.665865922840687,15.894790696581328,3.6510837706457577,-56.32656743773261,17.007618871431184,10.426198527176588,37.207886153973924,15.45534131413655,30.03119677431334,5.390275489255947
2008-01-10,16.863255198644044,47.91527369287603,4.800090367152832,11.17282012745784,2.817733364045072,-14.09200714720712,8.213739655602016,6.795555488185068,41.590693260061194,21.586497959259088,32.837289751590106,11.957315454464613
2008-02-12,10.091428625921628,19.199638465059788,11.71199940286225,15.219018185693889,7.436834424650596,-56.95147285119868,15.329127805315457,15.027304483696247,43.047892544258936,31.886922246450954,40.20204002448939,19.69827122617356
2008-03-10,4.119976292418337,26.403429402958633,9.06990873641913,6.239207952660242,2.6635694222667983,2.7771430114060136,12.547456022448511,15.887692446426517,51.11830706755103,16.832278031635628,51.95390696339097,20.51419043648277
2008-04-10,-5.245567847536437,17.853385969425627,3.97007686301889,-3.6823711742674625,4.684019642835446,-32.70756540739339,11.593752633582577,10.81542572972265,37.96691987288035,21.23807763931451,20.96575162960217,14.972290615075789
2008-05-12,14.676758994351857,18.0973928880233,7.64346048877127,8.346378246929786,9.375846603972704,2.359353450039947,15.232178768117176,12.885959766323275,23.061633966750716,25.5095263933409,16.84460284590612,25.66495892743623
2008-06-10,11.374673796066958,16.507053762799707,3.557520926506652,1.1006410970832103,9.6081322428488,-41.885311892395485,15.76768537819644,17.16443240625505,13.272126369587678,14.377224580035586,14.663400418049877,27.6341147888713
2008-07-10,-5.794916025871288,13.677961380347426,0.40857778438194714,1.837270046476669,5.637162749386393,-84.83350621349872,14.6316653130526,9.790187760572966,-4.617413167961459,18.845167507518124,25.66124103521803,34.639024658456165
2008-08-11,6.3930683771125985,30.58854519473644,-2.6506453117696283,-9.29043435571273,6.443145699704034,-82.55296399003163,11.747128808103113,11.835314743174962,-14.077665030363518,22.525671638946676,11.5533411882343,42.32494441893404
2008-09-10,-5.309731632395964,40.66127958589058,-8.628015641337027,-11.032343594251603,0.8622098416556145,61.104822932226476,8.720833658528871,11.740342686060945,-15.420794060195453,4.493209220868866,-9.675175968905359,39.43700045949434
2008-10-13,0.8956292607627869,32.287219148524635,-9.813370801232724,-9.25111275520435,0.45544398050152424,-94.51526140641708,4.883699399091501,12.162731872617094,-22.7137146285627,8.003546420434017,-19.902409894390406,23.097886484613817
2008-11-10,-2.0180879220738412,28.269328310295027,-13.141068373520637,-18.16380980010098,-5.017459456084394,-1.1182365861695631,1.5971227185660464,6.173309973683683,-36.77951530880096,5.802666726811867,-38.11757874146846,0.2126596052913765
2008-12-10,-20.314939477158013,4.858734583380087,-34.56296422478149,-31.915098178120026,-27.692652613131628,-19.29382554928658,-8.900155374680985,4.631005498317675,-51.16007058744437,1.352096807445391,-54.85037476722559,-26.574535151911547
2009-01-12,-25.447157847291724,-15.330914670664619,-44.360882248588084,-26.850919754289006,-35.883285545307075,-43.31048774483577,-15.163062042807596,6.457102242078339,-55.9179573758857,9.717877522298291,-52.111200320673575,-34.421641000361404
2009-02-10,-30.43244124069757,-8.916200199389312,-49.89799391299279,-37.545579790989905,-45.98808680269876,105.45545184668063,-19.47795689115589,-11.310676608759628,-58.65804520091906,-15.390050560106538,-55.285425312655725,-54.20400215697852
2009-03-10,-3.5308586709538514,-7.195366331783637,-39.40406356655291,-10.441026529455433,-14.526444207614997,-18.581450439424387,-22.710177444140545,-3.921451855946989,-46.684749055695505,-2.768553268346474,-38.12061694174502,-36.803607799707194
2009-04-10,3.949446235984233,-2.8444301252911197,-32.77286694155382,-16.625901235035514,-17.68273751352781,-37.36858662145007,-24.494523703518002,-2.235330248717926,-40.43340031369828,-3.730506814031076,-36.15162097821861,-48.6294273503058
2009-05-11,-0.48909292412409044,-7.587696858666604,-17.120508383597777,-18.762963482515538,-14.401031147976596,-36.1040572682669,-28.886085890596323,-6.494245685985279,-31.885888246830685,-6.528639425303506,-24.38212769765955,-51.49740676918848
2009-06-10,-3.8049048980510536,-10.813188455077382,-12.26871555628396,-18.921361378209046,-17.277387970949864,16.03408746370265,-29.687680522114412,-3.0599939466123938,-28.494473144153652,-5.829704095968613,-31.19178511516433,-53.0114377435143
2009-07-10,18.890465166518577,11.281312682535006,-5.4926129930242045,-11.199966053127387,-9.438786260777976,84.41979382007858,-35.70130887762587,-0.44106751199897154,-10.983852407355377,-2.949261388456337,-27.80095689932355,-44.511872136097395
2009-08-10,10.02197943552401,-4.2837931796757545,-1.0727463735122678,-6.105682655348388,-12.518059767980638,128.0120362194803,-26.411037198767573,-6.57113137384846,-0.30607518916913046,-11.918495068380853,-24.21417057178167,-43.31630296262728
2009-09-10,8.31392406327236,-25.843483382386246,0.10801403850388969,-1.464188365182506,-13.141247500104692,-47.73253189209296,-26.87344030412695,-8.914127504056124,5.54117645340757,0.7481486608512888,-4.896293512319705,-44.16589313238747
2009-10-12,7.503320007239878,-5.917700106331059,5.4663707026148645,2.299642138474156,-7.044303799802243,1192.09362331991,-25.834686002773623,-10.320804699886999,9.492222837100206,-2.649515873865882,-4.106606456870265,-34.43530428152438
2009-11-10,7.435617806678807,-4.161544350793234,7.986477440336315,7.386574026565085,-10.73076900351111,-22.50417235463561,-18.07877167321903,-9.795051103426966,27.128102821555224,-0.6613744437473201,25.318588691513376,-22.16822272393707
2009-12-10,37.98738265488066,5.041665014184038,54.719899334084474,32.81408911698935,19.53448274228995,279.49925949882567,-4.281411696197013,-5.885248533956644,70.74470831043485,1.2934067971685614,79.06397791805766,4.14561951630068
2010-01-11,65.11012434019128,6.195844553410534,98.16081501306257,43.74330923872485,59.36630038542183,374.61200430603964,7.4521916215631645,6.523910511596931,95.22708946216274,-4.558829120749208,80.80673294005452,27.389563496032252
2010-02-10,83.97424774015687,36.22120152342472,118.35970954264651,60.74175127409003,85.34631883985679,-4.533810647914338,10.50094719146717,12.73618259257352,110.50762831849457,10.678408256353267,103.70956098957396,74.64227956003764
2010-03-10,38.051893783319656,35.72765758427276,84.40188554956288,18.866420439014163,27.940178350816502,-24.66170336585314,18.60192006848722,7.414311895187731,66.1207665503795,5.32155483337764,36.836736258989646,17.213082953194704
2010-04-12,39.5671647558481,47.272531688373086,77.47821547452438,48.48129704847941,38.07384221733334,63.62677941794992,32.23288020422177,19.007460351047122,101.13225546532783,2.395484837275519,54.804616069805,56.76016311180221
2010-05-10,46.5301542224112,53.612389333915274,44.02373892655762,34.47324778670091,35.29885676464715,18.67119061227822,35.29163798177297,23.125280311249806,101.20321812108104,6.116170190565451,37.228867742027006,62.2877705538106
2010-06-10,62.43897406932752,70.03843608470423,38.5608237297969,37.6462674165635,42.85937419920798,-3.362443086700151,41.19004046136474,23.4906249478108,98.22819000613904,1.0143441256261765,35.955231716871985,63.35762345138265
2010-07-12,33.98694340508261,50.77126856316427,32.62447417017642,28.879334061163874,33.536755143445006,10.650235173084056,57.31184911523097,29.178345549898754,74.30441675572798,-0.6037677032332378,12.122435952964983,31.042034945605025
2010-08-10,11.921869183343814,47.89360887346943,19.449831436288,24.060165774487487,32.610468412342854,41.43111128955881,41.75538788142064,38.888914385783146,62.14709129356497,10.608062038721355,15.018852543513827,27.685822695394524
2010-09-10,25.97163918708951,91.76039663836366,19.585417893499546,18.138357823560412,29.379008810285832,118.38175787657516,45.02252318258848,35.67677380564112,47.90675506870377,6.289847418455774,18.750053660014053,37.95403262300832
2010-10-11,17.79749454522941,64.49086518766197,15.241742111805511,10.216585104064158,22.69316735044682,18.40052849342293,39.90674470224462,41.08564140666042,38.82752759282446,8.748535590278994,22.576203086035207,27.73315592146599
2010-11-10,7.782697045136433,44.02416043689086,10.638733543787238,8.493116415372292,22.144442435944555,22.468028436961497,26.37464856493159,47.96488267893877,39.003590574826205,5.866482989109767,18.438975208026932,18.721575920741795
2010-12-10,3.6845891696018818,51.30772607037115,9.171153272634136,16.06636528972558,27.067983817274445,6.393559755539258,18.34282905365012,58.323390025070275,49.591233021190284,14.214462290445962,16.933541084186785,29.178780337438106
2011-01-10,-2.4752395850671793,72.87165023371898,6.728509637083646,13.990712862593636,12.545719362665997,-43.48037179470647,15.213377796834315,41.744656822150986,47.69328580255827,12.844728738985033,11.981520783410971,17.15713687132787
2011-02-10,-7.171792748163542,32.93764528453167,1.3980623321008245,12.975758843408247,10.913562180474855,90.09463538081475,16.06880232571999,55.86367223129647,32.90714520151863,17.99367445672797,10.240163507061538,12.996087240176601
2011-03-10,-19.85882002733863,27.108251196772713,-0.3309542852738212,-0.2607851475034506,7.476941128649739,89.09561784045303,0.9652644630889995,48.802882382140965,39.286942523425,2.6102746299615287,19.116783307570273,20.393472705673332
2011-04-11,-0.9051737593005371,33.87429988644,1.4834800346243515,7.173965978218977,10.555358213062927,5.230188971236283,2.988792793184736,38.52142181949685,13.317516368911564,15.386601162630441,13.612585017805202,14.269765580556616
2011-05-10,-9.159110828482564,30.986124486305755,-1.3013769553631427,1.2032457311778932,3.8232881497893167,15.018358449494308,0.05384565846884293,36.25880406200992,-7.754329414630357,9.390898698415405,3.0796124388750012,12.123240352352349
2011-06-10,-11.386932225526492,19.041966806754075,-4.348432851659689,5.242820329647091,3.379423693105643,117.29962280244912,-1.9708195930948968,38.47626869030651,-7.653481953160424,11.313038228655504,-3.937821761141913,4.1991984517185665
2011-07-11,-5.293786509352715,14.348104392081119,-7.689913486136124,-0.47478124958262313,-1.3435758852577862,142.00350911670085,-5.341601103350446,34.66656580064977,-6.3860986196152325,8.076713317043627,-9.874401708395775,9.207175757970521
2011-08-10,9.997029691099657,16.01138906383477,-12.432246831967253,-6.795621279914277,-2.463995542958175,67.60747641558036,-7.277443954471208,32.53509742562346,-2.815735163864197,8.197213196018005,-0.356318138147671,7.350651048262535
2011-09-13,-3.388190960302262,-0.7977828850679325,-11.448042283248338,-3.1170383437378435,5.012230161769482,-45.93596497146264,-9.502526624220053,37.44451300185465,-4.490649806784985,7.2238056549635665,-7.575503507223036,4.713696862122108
2011-10-11,-7.776330037307389,-11.286626145230272,-14.114819048442651,-0.12385414430029495,1.7607771662507377,-39.23677954747018,-8.513991652967457,26.32967624578275,-2.494285289847653,11.810662526128791,-5.8150919031263015,8.669601269147442
2011-11-10,6.277434103369184,20.060142310168814,-6.57766436710554,0.533974999425646,0.3048277999449178,-15.63022257188983,-3.081963043367475,17.398269073811058,-3.0435045409194172,8.44011518237362,-12.27232550684022,5.157989643998029
2011-12-12,0.41425419798997165,30.426974502365557,-9.28639262504909,-5.272646710886941,6.082025153010795,-45.85443085270625,-5.645120714325024,-8.556762801007189,-7.303420508938608,6.896530055267869,-16.165992696689656,-3.1953447613584984
2012-01-10,2.51029582209068,28.62803654467616,-15.1629509259539,-10.294489901382297,3.009198944023206,-54.592852964413495,-4.12923684653681,-9.97904138744814,-1.3489011830919884,5.722192205676957,-12.461303838809624,-7.6360466402968115
2012-02-10,-2.285618404015999,42.21927742868359,-14.837932943594812,-23.358156469127557,-4.510046427210712,-19.5687842290197,-3.8459614715661727,-22.965039262043017,-14.46453639690496,-11.668736350553221,-16.003174562133914,-21.097259384646648
2012-03-12,40.05306982846362,46.90346786827173,0.2809256098631918,10.783804471765146,28.753344398955385,25.40994848293865,6.082940439224793,-9.480463172810182,7.304433015721723,8.608743816627506,2.4685523716386326,11.315278696278419
2012-04-10,-8.516039234576523,23.8116208386016,-5.8679762446603,-15.68660236263202,5.150626871147801,36.39155234793654,3.7652041134647485,-4.3188648357341926,-8.06213222975879,-0.41420172571461356,-9.808451077820202,-8.411940909931326
2012-05-10,-2.0722861020172956,18.924185456440078,-0.9574017718633754,-9.076778064620283,1.647682335381484,5.37175456847192,9.149615712781479,-7.869817101455901,-4.483049826476703,-0.7004510138555853,-10.197573225068112,-8.277150255118904
2012-06-11,2.080062482497458,17.98961679206119,6.121680769166682,0.7029276985818012,7.7696176196236255,-27.128370601048502,4.994088875003233,-9.994213078984803,-4.047903311336897,0.9874592236888136,-7.618690481695944,-4.04094400625824
2012-07-10,8.482661350800512,3.8049235608990983,8.51210249174581,1.9620770589941827,7.057079403396216,-17.935408698476706,4.215166345242505,-13.966469169240836,-3.9148957602473278,0.728954713099661,-2.5855545742115016,-13.666346420791376
2012-08-10,-2.191837892153803,8.905054846866989,19.774778702216356,4.223322944651975,8.570321219636368,-16.299446697174634,6.96104244925948,-24.16903134048658,-3.73758520891333,4.19363323213835,-8.497334541502799,-11.618561515497749
2012-09-10,-4.53420080766731,4.143865586621698,17.730439124680352,5.240666605079358,4.581872968471301,84.39245576959887,6.246518556991654,-25.52760579680654,5.08602477018576,6.556508958989693,-1.6441728308725923,-19.576550489523814
2012-10-11,2.9754955691252194,7.5540182974978665,16.18251870126293,-0.336896182175217,5.408075446087768,94.03313862410889,6.514017760897017,-27.311225830871077,4.0352934688411946,-1.8647022220176668,-2.4068480515336277,-23.86280034116367
2012-11-12,-1.9406002877029205,-4.918439273286723,19.979197055490072,7.191037374591347,19.397691521541248,33.20387878751947,0.7442715868229755,-31.577848663032693,6.337913908392734,0.3417402357873467,6.4115481405583985,-17.062448544866214
2012-12-10,4.778551875225845,13.97675720266902,16.089193303822903,1.8360182893789156,12.936118866440882,95.14557239146228,-0.6053284547828719,-10.521910621611408,9.043855726497508,-0.021762777723133286,11.602336093903908,-13.160868037827733
2013-01-10,5.808444422533743,15.129939647990032,8.071389354434766,-1.6072360366292004,14.048759856297854,146.37956643657475,-3.388308850914823,-3.2354269928664414,6.642339825611221,-3.46364876984393,5.202579588958156,-8.807478871660223
2013-02-18,41.46275481316006,20.4206791835589,42.72656178414036,242.06445994092795,130.95414071016273,849.7155171754922,50.86177380073478,26.63288327042448,45.86014737848154,306.442699801948,63.55826798125719,70.61796545238434
2013-03-11,3.713177269972001,2.3022839857365973,18.200911591681557,131.2727641810197,55.00302306051952,337.54856695531953,46.01889794581317,3.0857339447953436,2.2141188018508284,238.7497764187031,20.931279203901543,11.590733931626417
2013-04-10,22.9704426832297,-1.9388322740453878,24.654670391757904,210.07364684269638,75.47908167104418,502.64603992439396,43.426096421017554,-3.604430628921995,19.473831613468896,250.6679166579096,32.49888709460094,30.02830342948597
2013-05-10,20.147400493235534,20.28431488154949,31.255266214362763,214.26598622499213,90.33073678241115,728.3570687000251,33.32900074970917,5.7730501663112666,26.39776747943605,263.40106891674833,50.749819171163146,25.934322661260477
2013-06-10,17.868914859373163,28.76387230642341,26.353365190197465,204.38481118717831,83.43697488304542,639.6764087126396,41.52829038631596,22.585324526745822,18.366216338854734,262.28259111198895,67.9065385271568,25.607449161918815
2013-07-10,5.475165239340085,30.6564009599644,27.337177416087634,188.77590094477532,81.38907418082404,513.797751856896,43.432333413412415,9.480391680998434,8.422317086379639,265.7659902803196,75.30118799891457,29.35277467661763
2013-08-12,16.269116688082086,23.36306234077321,21.51305234670491,194.73757074671832,82.62549958725307,488.5895686630851,35.8966653125884,15.87077696748944,5.339887907796181,241.54923029465394,70.27787822707012,38.92222463769106
2013-09-10,23.29778753589069,27.788214544797075,21.765685847594508,195.64518413803805,84.2389172363203,567.3599686566669,43.99263398873994,12.435677842856862,1.7985673753321496,231.71670851372014,69.62499123673547,49.933009093992055
2013-10-11,29.327993370756932,40.42882371191159,30.604795340261305,230.62274168073472,90.33889334567743,525.2471605556958,43.58506063560177,22.51340597261482,0.9855246888039293,254.22079960017624,68.48637121994643,55.19300005616277
2013-11-11,17.77733171192084,36.64773505783276,18.902301231153306,217.04954216264792,79.42628645137107,803.3156355631156,42.31947809990733,27.34918983634489,0.4752847685137729,243.88891388872156,66.68590437808926,55.01477141244837
2013-12-10,26.72364489372221,30.01834164290078,18.83596770190885,232.632303553479,80.45468460778997,701.4783280431459,50.130247564480946,15.12691535411923,-1.2264828032580888,223.8759815385287,62.64023089098283,49.18816022642596
2014-01-10,27.335400919325693,34.13487834592872,45.70906474947716,275.1840912124968,89.49233032713211,1588.8588972068708,51.242346749461774,12.270289118498368,0.8309960513466663,225.43152385843618,65.29123317031545,49.45907294280225
2014-02-10,-2.0274971735029346,-1.9709825351447163,11.790237000746417,1.8598824491544264,-1.8785445274115964,12.68420080968018,5.806373426591804,-6.217413873801847,-15.402924202733137,2.977731224656255,-0.032230713360825725,-3.924156201713569
2014-03-10,3.408659204268627,8.900266930503209,25.110450670265806,32.20421110355105,11.121301169146447,29.602774421959953,1.496961061648583,-4.614074302406812,-12.969491057836734,4.064544292484684,5.305997138726148,13.385820139162764
2014-04-10,1.1964043585872108,16.402490291934768,18.83721623274477,14.414603676710879,6.763885699058325,3.512136029890911,6.700008760114384,2.5630276946137176,-13.178249764454897,1.396450273663885,4.627303691684492,1.1015822905724226
2014-05-12,6.078964944297804,0.9061737853625518,20.295569818591996,13.81727518998359,8.37019093098501,-2.7581089306782713,6.459454823362121,3.862525095290281,-9.734491782737997,1.5546032338038307,5.856309507650304,6.5184153807283485
2014-06-10,4.057383241961898,-10.162608522855853,19.68530785833691,9.645419076137141,6.25653689699559,-6.363127462103691,8.066273514680145,-11.383405526233314,-5.757864852111094,-0.24597041594121016,1.5693008664341423,9.657040259596439
2014-07-10,7.510767820905984,4.234876249894848,15.500435917663168,15.908125033367604,9.775413575790083,44.7193873701671,3.085710999877689,-1.273844432337834,3.104554976367435,1.2614712670637518,7.317760372224691,19.127754778448946
2014-08-11,5.939229369347809,-12.121601870808718,20.399850730443305,14.691361504042089,8.711786061920868,5.216343684077107,10.881680397508031,-8.033974911462938,5.886658467482397,-0.3256082660260562,5.176553643665405,9.829487478253496
2014-09-10,4.873927514797294,-1.5466793861280692,22.39583613091909,13.766306255326688,2.4449468995379364,18.51989208318836,6.7275704364381905,-2.6060995747935523,-0.016642415324863435,-2.1498690223413885,-4.543317192160412,6.257824467620998
2014-10-13,2.6944066321687776,20.9484181554515,25.7411241374079,17.76317393865665,6.616131168707051,83.6458760102366,7.1834213317407025,0.25960304842473914,3.2198768118673504,0.3904907861363105,-3.5512904794710365,9.103405386761398
2014-11-10,13.593162169828776,22.49002395006192,37.119522339085954,12.626084818020411,7.564026604333929,-1.0736610531525748,13.609915348360445,5.191531894359702,11.038688474930325,1.2775965589690408,-8.966521194983745,3.491540011838423
2014-12-10,5.137113696721407,13.66852850764284,32.52192586415767,2.8821430776132972,1.7587788015852812,3.909446182947307,7.877372473751709,4.307545121746714,5.788579180237985,-0.715897234915619,-10.752744445384954,1.023331060963839
2015-01-12,9.805783106620591,6.34793586179041,25.121783671937536,7.706618072952209,3.540956992690436,-3.029533086644487,15.615153916908353,6.679592528667988,6.96084752788122,1.5846407268826246,-14.130652458312854,3.36958976509516
2015-02-10,10.546143789179506,27.216976338934185,40.08512519103063,19.42780155884616,11.50317643648986,-2.8825000583238336,2.776457447574554,6.331860121986876,8.600868416203955,-5.223236669880571,-11.558367006447378,-2.0959426816756
2015-03-10,-0.7497895175965552,9.884870815129453,9.7021290179649,-10.648396460830655,-1.7337957439222507,4.340700564724442,17.21591176924855,8.144887751082042,1.0987268492576918,0.1453940652993202,-16.68407022513132,-15.40510180334753
2015-04-10,6.479557671424807,11.376662020004979,22.09952825682693,4.894674097653273,-0.941643125802416,24.16109173558332,5.837343875059897,8.354115980738918,1.1536520275546414,-4.605990936891535,-4.677783189353157,-7.024440316169445
2015-05-11,-0.5526374840308046,21.00519578679978,6.680677613216068,3.599606115552456,-0.6663121747441769,25.09224446328442,1.521334131045271,-7.075579884029393,-6.378484483454372,-7.021454519527149,-9.512339763484922,-13.350017110577916
2015-06-10,-2.667832468343767,14.247718200634596,1.740812844910966,1.168567694458389,-3.352124837254422,26.980323439133613,-1.2472550685935335,-11.799347371925284,-8.220194823686688,-6.388946977446553,-10.699083965844302,-18.890223744883585
2015-07-13,5.888615363065308,1.1589182097125228,-1.752451507406405,9.547824062284738,3.619047902523831,9.938547940345742,-0.491616309421794,-10.6652919536253,-7.530347851523544,-2.107468076176877,-14.645112306594054,-18.48945919079853
2015-08-10,-6.190612562046849,19.53536180386406,7.986357698260904,3.5282749861584417,1.6737026113126996,-1.9512398841119771,-6.3670243015861105,-0.8870985521130526,-7.522032756137453,-6.440805480140533,-19.830348969076272,-19.705898715538726
2015-09-10,0.5956308867581805,6.962909003625706,-3.677502498087659,7.301245511804644,5.898389965261086,0.9643640344316973,-4.769711150933342,-5.890383776737574,-1.0590951282369199,-3.379226043896255,-21.370234754511984,-23.015748481072396
2015-10-12,17.62004974784126,11.474615187894944,-8.362077319399297,3.7261190502902997,8.67892891087183,-6.838555265785651,-7.010667164875395,-10.959622753556332,4.139377168278258,-2.241914945897594,-13.842240077695267,-26.857588253251706
2015-11-10,8.159481008126512,6.244703629795789,-0.39346733950776924,7.991269590002603,7.777683553862369,1.529312339406319,8.901395706911575,-6.5335953622215115,-2.2385286438466157,-5.220516165512512,-10.820467762617248,-24.891642013257652
2015-12-10,-0.03346790763171237,-0.5148084214944504,-2.042240048099353,15.439506327393083,4.61059263428143,16.188333371186793,-5.6985907979898105,-4.903105126898999,-6.719200175230844,-4.696738740484918,-13.605752202719568,-24.10926374962298
2016-01-11,-0.20906676368980248,-20.098410942096123,-7.111188474047381,10.691021880140283,-5.263493630585659,9.549908589840616,-13.18911402358417,-8.21452038856927,-15.059262827827935,-5.8935865830989425,-13.79938575979265,-25.118791225796855
2016-02-15,-12.151633273927153,-12.521754252348805,-7.383778230701676,7.837477898583778,-6.483686074677797,14.432979274611203,-5.182120050304928,-5.415113724339937,-15.480156592459482,-0.2031376164895904,-13.695139962392933,-23.065691009979894
2016-03-10,-1.3227204284602445,1.9448908080019756,-1.2584566953827814,11.296658046245556,-5.847495310624396,12.351624235254132,-9.347745608895043,-6.541813401687935,-18.91779059826564,-4.305723749414902,-12.473007136460634,-19.795407921815546
2016-04-11,0.16764951995928978,2.2397111506403666,2.206473824670696,4.323882006973601,4.096084450442339,28.272165952100202,-12.64668018947278,-16.32815813077666,-22.758699963307127,0.19509257864318563,-5.585430747337261,-11.562008165380867
2016-05-10,-8.150225394849198,-6.975384338022961,-1.7909348176983197,3.084144953502843,-4.618771169820612,21.084922851204247,-8.637535638382964,-8.743348910183602,-17.462351086105123,-1.1489010536309463,-13.505502270494274,-10.43416897518431
2016-06-13,-2.8063200554553247,-0.3504246490920293,10.230970255044136,12.762535265952657,1.5849724759219974,15.96860049768023,-5.550016631822851,-1.5321899747859469,-16.695068333740593,1.5556501615176188,-13.85092061859794,-0.06912548565749521
2016-07-11,-1.3978371753361807,-1.723146040802792,24.880608177772643,9.540569015580136,-0.6427924616642655,7.492582915952517,-5.597822090681581,-4.23895076693821,-14.244663046066497,-0.7403263843056895,-9.87523026066306,-0.7898084166399033
2016-08-10,2.3139371488055227,-3.4952710918153773,3.4517746641975044,7.2557314775839155,-1.0779601625774293,18.715335384449162,-1.7715498796530005,-0.9468543945580166,-11.81510140788703,-4.606261479852202,-3.191570239383257,-2.127404512144948
2016-09-12,3.626925681846349,8.748173928958591,27.119557318517984,12.05224881160294,2.472488777238424,43.43958351945161,-5.052663801463996,2.2185587745610746,-11.249823982046648,0.021384216075670537,2.5761264037004405,11.350791106091762
2016-10-11,-8.985057511816553,2.220337004892614,27.17346345223275,9.235482286610019,-3.2794421936324425,-1.2969919329512969,-2.5644418946665137,4.50659986277393,-15.129576660977563,-2.861192181635408,-3.867609636327629,6.397826042315979
2016-11-10,-5.6800294320232485,-4.740362146929833,8.466940493172226,3.892669334256227,-7.106119615701889,-4.7673778417513635,-17.66791288133437,-6.566331566546402,-11.10748941336408,-0.564635844592698,0.5909551482698561,13.738357043937398
2016-12-12,5.33534974490586,-5.257216111676644,25.082540716356206,8.051144303046653,0.36979570753452595,36.36405865367935,4.223740020091227,-6.185788413982419,-5.0399649175223775,2.976184353796296,11.761881266317719,26.017126909496604
2017-01-10,-3.86175456449821,10.695275258216007,20.281334952647722,10.230900734989955,9.09564350017007,7.574267432029713,6.364810653831965,-0.1455357539451807,9.674241892562385,3.732651298822054,16.7849243058517,24.46271766530661
2017-02-10,3.066167945789755,1.5723503456298804,1.912141825631486,-10.100595694616244,-8.184454121140384,5.77048685986461,9.81352778743043,-8.912390902415002,1.4373002390914325,-9.493028734067188,12.66375592294784,14.860181784065652
2017-03-10,12.289623543528737,3.130410394659622,19.22726373245154,22.570947445037337,21.9476208074205,14.688295249539497,-0.8474539946003556,-1.6731751766281056,30.968773978198747,-3.4771801455190987,30.35986808255544,42.41946204403091
2017-04-10,0.3838070901964308,0.34701301906505666,9.920414365933873,8.405208492212402,2.7714418254851436,3.5707558662315675,11.286123018911676,-0.07465906663658428,19.64703491520501,-3.0174075221668373,3.3167682002964938,25.587470105628608
2017-05-10,13.119195727401944,-0.8660108020701607,-6.895384469593823,1.3446963609772045,0.48615274367762584,-16.09464608483373,11.575175542256911,-6.7535646301713275,8.543809918622468,-2.257957061161464,4.727111241436588,15.133510682342832
2017-06-12,13.102623941863012,-4.622283780915004,-2.5064663546712107,1.702808258680255,0.21851746241992043,11.18257032921961,14.610828936545396,-4.819153483083838,11.494427508888826,-2.4831803585019574,7.111221063162332,15.95366065059254
2017-07-10,9.802863310144572,4.896278413034327,2.690161395602564,6.125933003377582,6.173180828122016,2.256966893832435,15.380695507758269,0.8316343834871232,13.03486449853828,-4.686777283260735,12.081933624324925,12.091267651919235
2017-08-10,17.24806887650083,8.598141610936306,-3.1146809258267294,9.394652123031655,5.6589740491416185,0.9814317145798501,14.62518881101671,-2.9015160117929706,11.247907486979592,0.5767047671625614,8.339164603466509,17.50093298635129
2017-09-11,12.435466339435486,3.8111206162101174,0.03630712043241058,9.384305648301794,6.919658520962457,0.8255559864907447,17.44114244175117,-5.795599647463822,10.321794877143088,1.0044628985428794,14.86330676601353,20.7248892434853
2017-10-11,10.638910099577291,0.32527791329195477,-0.2642556186728706,8.434047920448883,10.131818126222147,17.29568233029788,13.343165820863545,-2.976220736470536,7.222111280137811,3.657541453524127,19.65042116157416,30.192985322025436
2017-11-10,17.73976056886555,6.580346327830844,5.045509111311852,15.184224636299938,9.629531459132213,31.522621179305844,15.054683330804552,0.09382552667733801,0.3120259298177386,-0.8748344006596076,13.242213070181496,18.347830034579072
2017-12-11,8.589700280134704,20.622610153493692,1.8757432414001851,12.84443035680054,13.71161214309593,9.391403321848802,6.605271896666243,5.208847994445653,1.4711561626455705,0.002431779181844007,11.544706198572907,12.792934893718133
2018-01-10,3.585796985405665,49.36319277525924,6.874569469020098,-0.9082704996078217,10.985454233263049,17.411030856687137,9.317726987919993,-2.292566547581043,-7.468054694291459,-1.132883285026276,12.676634928582642,11.72202672074436
2018-02-12,22.75022523695891,18.00691163932562,6.992048084407632,30.186056715239108,28.543141576867747,25.873389585732376,1.6451929921535546,0.3736820027040233,1.8507056494523555,8.353254663672605,21.34408931681946,28.70674648085778
2018-03-12,2.111204152189572,-1.6946376930261686,-5.886206814511608,-6.739131802495358,-8.727016338671035,1.4208532091076975,15.136657810125588,-6.276888945487369,-24.125141403081017,5.897987039493824,-1.1750846225000444,4.1775806418232975
2018-04-10,7.628283609461151,3.841848864230357,13.579837883288848,11.404650544436311,4.000095301662143,0.4876189724545066,6.62472132122196,-7.113058841686559,-17.254893183493316,3.485285377551639,14.19174805804615,8.854627528174719
2018-05-10,11.594825433494439,8.959205454890263,25.62380210161752,15.917405683617304,15.093000938280632,37.81033619309824,6.60024734105269,-5.634943573301543,-11.806252806610429,6.1352682931561375,16.767013586858347,21.36181821002714
2018-06-11,11.081623145753872,24.371739851552967,34.29435483601455,21.1640641895684,21.494520608977364,4.028533459586625,2.71949903129427,-0.17132160760008341,-9.314660875619186,9.962516501663243,22.61527322909387,22.01775570780935
2018-07-10,-2.0668017403658645,22.76782186770223,14.945431322721813,7.001213531635431,14.125597759936559,-3.60865776581355,6.8532029017625895,-11.614399065965575,-10.124310694197847,6.898750717565361,14.661579374565026,23.74622120299947
2018-08-10,6.980659749418927,23.641099938277165,30.477184878006703,11.718200262921652,21.908031597548593,16.195239611769185,8.42915277865317,-7.633220360514159,-6.267368577430066,6.890648889654294,14.791660468990298,23.113326388303367
2018-09-10,8.814798387938595,23.21331623331635,24.212353008475706,15.792507641202924,20.33954241301663,12.414992976622408,7.260631967629672,-1.4383783480612866,-8.076188577378895,3.844428033504532,13.489058681117427,11.980348332719192
2018-10-11,-1.632251822736086,26.204453297720786,28.506041651822155,12.868744197249127,12.036254388737078,-20.29600776583058,13.458254153301885,-7.983683730273594,-5.711356984769134,1.6834540197297576,10.074143173216132,10.133676752198717
2018-11-12,7.808997156179709,18.82895828345703,25.921970502945445,9.38314054135041,14.463067266111352,2.8171821844358513,11.545556777704146,-3.1165677226881017,5.376944391125038,4.405811032203344,12.324585854311444,17.825972759583397
2018-12-10,8.189238292446689,3.807004439340167,22.016739901819538,2.9124573926858854,3.2843371831404067,-6.482727434180591,16.603368763807723,-5.855244907908997,-4.902401802281187,6.14509869921418,-0.31985870383980375,7.5195531653288405
2019-01-10,9.986048676138036,-8.857811186110087,22.60438142093555,-2.079287411604569,-7.8019866355344085,-19.255327866747184,14.312050174990087,-3.0781711569675574,-1.614316459088161,4.671319346535818,-8.007852088767853,2.4423182960370493
2019-02-11,3.635291988640965,1.504675725792759,17.17962726961617,-0.055194389546764366,-0.849846194620274,-1.0005203278478203,16.14866386062954,0.5110657232984428,-2.917824971952998,8.212592525643391,-7.024097460309308,3.4818890310007733
2019-03-11,-4.741917374861037,-5.985809265855102,14.400460613662712,0.6171997484341274,0.6756943738528642,14.509893119784278,3.6446109335763754,-5.03970484623758,8.343780292134472,-4.687071609911719,-6.757469688266826,-0.8173441198536135
2019-04-10,2.9060631064864895,6.502651409861104,0.8347226669560781,-7.177545220756598,4.4136321025375125,4.271164949920769,9.379414491426452,3.4524120626898025,6.425592503804234,3.500916447892055,-10.135091159882869,-2.3001932260951596
2019-05-10,6.134819963393068,7.990550769724192,11.935632854441302,-0.02092665758287593,6.717727701714193,1.887987417924375,11.748244851031542,1.5051024860358364,5.238740440988332,6.135873204714426,-7.806911706054032,-0.7731653835422403
2019-06-10,2.762273740201371,7.892382516399521,-2.414631486137342,-3.573650046407395,1.4310221057062256,0.15563683139303564,9.689738463424803,-4.938984443376981,3.588101601156679,2.638525412262549,-14.82445895525536,-8.401405459353295
2019-07-10,6.207006158819106,0.3556930609182496,5.436596202564559,-3.9976209831775966,0.7292436066879127,-36.1581851808768,5.7948347264420885,2.315317905477654,0.13855702550673588,4.564514655897911,-17.679952562253742,-15.940019005054051
2019-08-12,-2.93778246945271,0.9663838103267874,6.4249394260528225,1.4721975308099378,-1.7371695339251203,14.597579813425888,2.990716144218575,3.7363789526611013,-2.2661506112538587,5.912859246143953,-13.347951528989,-11.98834800826225
2019-09-10,-6.434257905790819,-0.26697726334948824,8.65162376402182,-5.493220850417413,-4.351075965136541,5.59255026973986,3.461099360287734,-0.7128437303009272,-3.589756300836211,5.715204256977291,-19.547369429274596,-11.059612773030835
2019-10-14,4.478976622812114,-0.7165400696252933,5.092897697879417,-5.186956530746933,-1.6995436268830266,5.96346277743296,-0.2425507684218453,1.456020875376396,-4.548997063772086,4.02068408214884,-20.579897108994295,-14.194234665413196
2019-11-11,-8.443453785838706,0.2779373304074184,5.036753680133055,6.005220545230827,1.0116740458569584,8.24660083151696,1.2588735017097674,-5.162141341689819,-16.025507689172024,6.19890796406799,-20.112070393074454,-19.485771025196875
2019-12-10,-5.309863287269745,-0.18296531236629,9.361617045050208,3.209817214475419,0.25640041695811355,6.8941932618515445,-1.3121477087442046,-7.933380863417527,-11.10212427678572,4.120958712962475,-16.409048129740523,-15.783576596587622
2020-01-10,2.6230595805008416,-12.03316809060505,13.21619311592328,13.442924041743499,9.15905397460346,26.26600196840181,-2.199973480505091,-4.476658192257544,-13.583038813418414,6.355156793392358,-13.71228110234738,-6.868550416637865
2020-02-17,-19.42506744584087,-12.026793669229397,17.580975216420725,-9.55199124483691,-11.952203477082069,6.181244303224465,1.3492058065864176,-11.178431279557799,-24.267195103847815,-5.087492597735199,-24.79800537325525,-28.272391757631997
2020-03-10,-14.073359220672522,-18.06990684825448,36.118975166128074,16.50810108795664,-5.121806256668904,13.166290053124197,-14.903766094330217,-5.939809351754565,-16.252990225621012,5.490690800884845,-15.625104998555816,-2.4658676450286743
2020-04-10,-2.5539564185492414,-7.651870367289559,31.89496430438372,29.421350998505915,6.559490212899344,-11.106298560711425,-21.855005980832075,-8.25056765943616,-7.188629293409299,0.4537410132525954,-22.41127819026847,-14.878735805548281
2020-05-11,8.036495505775253,0.33740285154857386,22.456792081451727,17.125611966128098,10.680485269440565,-1.774808898742708,-27.109699840798328,-4.408480349972777,-0.2610892298542944,-2.129719800448704,-28.418210209594985,-22.855564536073093
2020-06-10,11.696150465661749,0.25940341252945753,15.755673860221497,-0.2921092513021417,1.894627191689513,-5.118568834028592,-23.207552782115805,-3.2459301764586,-3.2169264123962704,-4.290413849332575,-29.104556787663093,-26.685599664862934
2020-07-10,11.921100514195636,-7.448991563400698,27.531841719331585,11.538769306248554,1.275259262853412,85.2338868385696,-24.01365903521484,0.6601411886085096,2.601420489066597,1.2184656207297584,-17.411056838139405,-12.291077513234793
2020-08-10,17.348476203965113,1.3215723139774704,17.8716437812807,13.020148579267698,3.8844006635711636,-1.0951035276672072,-21.48527429556111,0.8887391226714891,2.7509232914327386,0.2104831916160954,-18.05972181909543,-16.457439623683445
2020-09-10,12.232812144311268,4.782582722126927,15.310983263181587,3.596220606351297,1.2535107084482133,0.2220856004274907,-16.966490140931068,3.0486905459200075,0.3839537531680648,-1.042578484751866,-16.74575100153144,-12.63557032628042
2020-10-12,2.5522863132735774,-18.146140084630915,26.365112029729197,14.49488245904378,6.547125646511476,-11.910716413844769,-9.89759546789999,8.862087819053865,4.337034518569038,6.2452906090089355,-6.109058897922726,-2.8910364362878083
2020-11-10,2.1067372825273267,2.0631098033257578,18.656911024819543,2.1892866975192327,2.5679346796690483,-14.125591267133364,-6.417895731695877,4.181276027204284,1.7207197384572215,0.6687378320959114,-2.5372634383157178,-0.5059608897055701
2020-12-10,13.524624668840612,11.89255836628449,24.26802618842574,16.25703055909984,13.41794219483603,2.2355012748244585,-3.697954031533335,17.69966939277574,9.324148042926538,4.362923512377637,7.024324522630709,10.39557478349944
2021-01-11,12.287469115514526,30.416220992958753,23.063035109097463,19.872887547846886,21.47857038779557,-11.414494042910972,5.959357246709551,20.92570952192867,23.97403012639865,4.495891531828589,15.82618506379687,8.936873051067074
2021-02-17,23.886667964096663,35.5694673186459,32.47635801712916,50.71728713822501,42.49588012796999,-1.7236448017177275,13.76381162477478,18.377040451951743,46.34159576236048,15.373155651487004,31.41122541257799,32.380479407142396
2021-03-10,28.078580426620192,79.38407829075508,26.335906177379997,27.418176104088875,47.55798036393581,-2.499962372325748,55.67065991442266,19.67949662371662,43.45298697392328,5.7934120149985,27.85998746572238,14.026523309232598
2021-04-12,15.277855696659003,25.716379259939593,24.376427898256956,18.65340989307265,22.29414449821372,43.17854757280999,67.63187865036977,13.453651976115278,35.58038860983004,10.625795961903517,54.35519962140698,33.23555831016882
2021-05-10,3.64706347540813,29.355624913436284,28.70850646927332,25.184804087355104,12.439191777871915,3.8459694391707933,76.2547711700376,10.136308735208077,27.640203428321186,13.696098813251222,72.90400868636901,51.77617733285034
2021-06-10,-5.509112355548718,16.092440680450725,34.257139798359695,37.81774247838947,16.193779780602014,-10.95493412507762,77.38420254508978,10.045007224290202,30.765094178006148,12.372512833573989,75.0544418368143,71.07891100886326
2021-07-12,-1.798562168055795,9.144930246399351,34.87686059353883,33.43239702765344,16.564878572304174,7.37139130748683,90.26682247218088,7.146716932067054,27.550523135742466,8.233335025698342,59.1010551024864,64.19917775731243
2021-08-10,-2.3905951650464496,2.2971393360786907,31.224746197283547,11.96174188426311,11.839718226104633,-22.48445066048933,101.34536099611044,2.6580119694265436,25.1196524262568,8.86841179870881,54.198188101980826,67.59241234507756
2021-09-10,-0.7093921417039906,-5.04129866767965,25.44999470761775,29.052907859764645,14.311729043359932,-5.871818666628759,109.49848932896091,0.9840467322879798,20.258991042935047,3.6772535531482964,60.480912214266525,59.425069677136634
2021-10-12,8.843865273275942,21.419090690321262,23.852331769585366,19.455076582352483,8.900099865101652,13.056373102421691,111.22647184105827,-3.4013538942973875,11.439983766884975,4.2208551247053805,43.66839651165413,55.48770536881504
2021-11-10,7.344087800138999,-9.46305857200409,19.802430966172203,12.333940099539298,10.007839600728552,-6.777243705011593,110.06207414809283,8.967026666397704,9.252154195904595,8.31280537029533,44.70780473178022,55.619709355223264
2021-12-10,7.399543404860065,-8.35507243576723,24.57154815667497,21.67996403253103,10.454407639806963,-6.050679138326142,103.50295211868827,2.615730121365334,10.390571244224954,12.69000144698933,33.05366192240265,49.50683058197283
2022-01-10,16.23300124697331,0.922787149195492,29.46483194285272,25.566770289071506,13.541891137641748,8.75009616885829,87.38996728258968,0.4655496901661005,7.822687767650871,9.43931897616097,18.81431461661618,29.76922314765229
2022-02-14,13.756724154884648,-9.098972710089647,28.44309955783264,16.668279925437158,7.459922751416803,-8.829984520361833,82.94785884302236,5.346756975482969,-4.016768421527017,6.85079209063808,15.736589042305727,25.39597003460181
2022-03-10,22.987980415749433,14.203507229566338,29.752162854228015,20.885146009622012,19.37773173394699,-6.451629719071795,63.969540639475596,3.2771276780926506,1.81408333341464,7.854563204420439,15.695069122614802,20.776038025689168
2022-04-11,19.430974415548953,15.07603214034381,28.921006869159992,20.31014739787644,15.243260730777397,-23.780811826476477,65.79584541780474,11.350229913451294,-3.4902076962471384,10.100947053437537,7.453307458448655,21.24260733637493
2022-05-10,-13.726509552934163,-2.0691825505771977,32.753119554995266,2.789199037596335,2.747176385610506,-23.32319411308702,60.467928185259325,4.901113365642851,-24.007612920940936,8.228296527451251,-2.1342132142764814,23.781417331310493
2022-06-10,4.8840231280556035,10.82988328979404,34.2590799141361,7.574100419685914,14.75116317229579,-22.35501467140868,49.702781383616966,10.858311778790153,-24.26749900810008,7.043983080979244,2.3765872420207668,10.023091146563011
2022-07-11,28.307577739414945,30.176907990941903,14.417639408033956,9.427534569214814,17.34945398096044,-17.79155996928242,45.3668334580009,18.118917650293277,-20.33355393470171,10.680879076524775,2.757951082107968,6.443126191060422
2022-08-10,11.017985660349305,14.071574257309226,19.05230722166815,1.9522617511450235,10.255113466282184,-25.487198070200435,29.18557676270497,18.92374222380151,-25.847043417096938,9.428933682576645,-11.479987144678816,-9.326972200033923
2022-09-12,13.277678662463455,13.192285122568205,22.927406325357126,-0.8693708708076953,10.967399678781575,-34.54796816539214,9.527021172842876,18.220349821104076,-25.139224580544738,16.85219816575845,-19.599547697743436,-10.819019669871722
2022-10-11,3.3100968586452284,39.409084390646875,15.772647256044102,6.830580624150651,14.971928748907871,-33.587933557450256,-6.329091445032953,24.51733515647374,-22.821861207096727,8.905247028000286,-15.418875697059065,-19.956574064563238
2022-11-10,-4.029206923693618,39.60629062985039,17.738818494994835,15.183771792533584,12.043935197088107,-52.51339500604282,-16.625141445869584,18.70174232878208,-17.24203507231241,9.58924795739362,-22.70452737222809,-20.243608939173452
2022-12-12,-13.49897827309734,-8.399159787458377,11.006433777087011,-14.991777589325817,1.281874909301517,-72.86821989314186,-27.713635669986346,16.3387651340674,-22.114036435997185,3.826674586588852,-26.135019632220203,-24.56215562827977
2023-01-10,-18.626628199553174,-10.322270484398398,-1.0284149841710444,-9.237767450564638,-7.6982581025066725,-68.08979421836561,-35.416420259864324,10.058353802364039,-32.92263478569013,14.294166226666905,-23.062245743033905,-19.836200460797393
2023-02-10,-15.700284883081682,42.964050030502364,-9.73731578918262,-24.992547085659034,-14.100193409783813,-44.52275720201867,-43.43437071572982,5.973856522660537,-37.66432076232057,-6.13515205517603,-33.59543910200996,-28.646543035372563
2023-03-10,-4.156271307401537,-9.546603229424589,-8.279740293343863,-13.787165963474768,-2.6308733439990073,-49.33531237651402,-45.92833062878838,20.553323465216344,-29.95111546086039,18.41910989872808,-12.696359019223646,-6.656057934805515
2023-04-12,-9.9363417037301,-18.491221937512993,-19.450248733717302,-22.767905627148355,-10.785811898928731,-38.87101165578696,-41.437849290274755,10.232275076818276,-30.886903508655294,6.285979325338142,-24.887057098771503,-15.474395430878197
2023-05-10,9.008398144750295,-9.993524472501925,-20.693595060805194,-14.69951904097887,-7.622147133498958,-29.713188742976303,-42.5199991800896,12.651718585856253,-10.801653894423403,1.9018644999647893,-28.00984463700974,-24.743443335053584
2023-06-12,-5.42750866436924,-8.356721563640034,-15.715765507337853,-14.664383799536651,-11.532583179414003,-3.021194330475385,-41.78973340327301,6.428249321594559,-7.907762713709965,7.560863523090822,-29.62481096034255,-19.094325011370362
2023-07-10,-21.97963723466797,-18.28190957976491,-15.941169021250445,-13.344475623547847,-14.989985784231486,6.74725898413453,-41.275324138538195,-0.08736197888234987,-13.983834716631794,2.8843174756792544,-32.794531414877504,-22.147761437982403
2023-08-10,-15.254935138968495,-1.900845883269353,-11.006064220440503,0.7296338218977905,-9.306722457499328,17.30936360077797,-41.09664884285087,-2.9985925310371475,-9.931827389581848,9.182000841807492,-17.72263414464561,-17.978938864542716
2023-09-11,-10.670631781120276,-8.530598681653757,-12.5418302262445,0.22842958867381746,-8.135059132372447,-9.703970540210117,-35.624081871987634,-0.7028790879045621,-2.571635213021617,11.376252146498311,-2.8254198034229017,-7.9776198314837625
2023-10-11,-10.398140924488253,-18.401856727218558,-15.38716773500547,-2.973856086143589,-11.04121795541635,-8.266811433285193,-29.776654339368392,-4.66879448239218,-3.282817405342442,9.870606812627258,-5.108686396888995,-2.4420858912203247
2023-11-10,-2.426420769021953,-4.986979865110264,7.180102217070483,4.114953780124075,-8.11077567629317,58.86776320125517,-24.11223978513578,-3.7112596471727266,-6.695247981030061,8.27064972749534,-5.020912811296807,-5.288410966464285
2023-12-11,-3.864304307189137,15.114704575161264,-3.5226974520939036,19.073063366426823,-5.170546906797691,63.83047009392595,-13.734599326447805,-0.4193359050532419,-8.835577565459706,9.515718584777977,-1.5038968051241386,-2.2770318897998965
2024-01-10,-12.146145872855474,-25.82737156405629,-2.9658824582192267,2.0883016020865286,-6.448362741466074,48.88841848471588,-4.083580895656535,-1.9248960233576362,0.1747074207979482,2.769597409213964,-4.8688785567504445,0.16939439730168093
2024-02-15,4.487039616204069,-19.354033426326723,16.196614890874162,44.13581317664688,13.898487851292064,51.316186374932094,12.30439291083869,3.103369704965142,19.57967800314604,21.698162893323424,16.68983140282061,20.619187009049767
2024-03-11,-2.9360967127058935,-13.073757812386189,9.905948894606631,18.152580969379617,-9.478982989388019,83.00948873315406,32.96139693682814,-2.367971794589674,-1.022610650694178,7.621295636753134,-18.56511651475864,-10.747440567343036
2024-04-10,-2.583855594381801,9.132640786692603,19.221552320546454,31.354841708467163,0.4600598378546428,47.12793870611631,17.993077068159515,-0.3289065816050041,6.436332567480996,6.898618417749391,-5.196144878791853,-9.024628270055457
2024-05-10,13.5863738455684,17.182808229048298,34.83780462527475,50.27754537212634,13.476440059236827,26.08511005166627,24.55132792630028,6.137790857952785,10.363697134476734,11.508521429160478,11.231983986444671,-0.12699335561096037
2024-06-11,15.094348335672137,19.564937633149082,20.935628381963035,42.510883934756464,10.320903960531691,8.679222636226648,26.597488498118093,5.595255501452501,4.34230412746992,9.465022975873328,16.150708411312074,-1.9259545214516338
2024-07-10,9.854790739890905,14.93709387073736,18.429255241883922,37.2609591526929,8.94547028233086,-12.945823373269471,43.52258285129602,5.454723826400376,7.362906923226897,8.099883069031577,16.842381463770973,-2.470595645808038
2024-08-12,21.003876898012685,21.243055173856916,30.876637629141168,37.87924140152094,11.5249614966886,38.01626131258333,64.56858915397594,6.700369328839151,8.275245269034981,5.807415143648886,9.109387283387061,1.635176156868634
2024-09-10,18.499440241608323,29.947814000521156,19.448866315013234,28.298521039248126,9.047138511765084,-8.398645733116206,58.623778443096676,2.7294201626683057,8.300612665915041,2.2644969404586046,-3.4883947453526853,-6.057013609357265
2024-10-11,15.694457133827822,9.633628911040738,23.445781321453918,32.74354996502653,4.269951238724934,41.52911916439337,41.58007199422977,1.756897942717961,2.976597647020962,3.736948631777004,-7.735272357449141,-8.994712969632612
2024-11-11,16.62329433790135,8.0749040604293,18.83425738245126,22.79141895060166,6.993655165840895,24.889874063970517,37.04359321602597,4.279846289967226,-1.6604117712652688,5.631970300689493,-5.720366105447439,-4.152120052992714
2024-12-10,17.067785954005423,3.717203499086752,18.28869796527981,5.518274141980983,5.94643032805664,99.70251959654352,34.19211853543776,4.961011744447608,6.862595176902397,3.9962888376817274,0.6464206826248597,-2.23269416171894
2025-01-10,31.522400379276515,40.29195296913293,29.63543258004968,34.53353687415066,14.04905717119751,56.34510339953251,36.40167615197028,14.165344956740444,9.027851979737234,3.162971619890431,2.7698802083373275,1.3192133502009096
2025-02-10,22.010724595517893,4.030334323496554,21.94065687997724,-1.8153130707689646,4.5070985382343665,3.3037368176749737,29.87674928052615,6.83129797964086,6.567496391616712,5.421938918753866,-13.933516420508052,-14.358633422443745
2025-03-10,39.543518162987134,54.349374529026065,30.212557754979418,34.78791266581498,32.54469954443042,22.038445442878498,8.443627968131828,11.671500412751268,22.769764865160468,1.2376281714323145,17.664574080082353,7.965714989688122
2025-04-10,43.88726904539879,23.521294940582173,29.168012954509127,25.868326452424096,19.63541388727894,3.1466623418850537,6.526600643166103,11.589246048332956,6.512629473195597,4.388482055808418,-1.7297058403850984,-2.435276530413988
2025-05-12,35.370885583891635,24.987913792330584,30.522307206748312,24.268523010834574,15.870344550723225,-43.440879471459695,1.2068147321249834,12.846610995531616,2.946868953016901,5.333385200861884,-9.81468221303512,-0.6833309752483085
2025-06-10,45.28891677639122,12.469009147962517,22.272944562236006,-1.038039491225018,8.366070841964902,-28.38210660591506,-0.949743729378405,7.672601820960345,0.8729075757796911,2.43816113948665,-19.60256555635198,-6.361553801126208
2025-07-10,44.58693251489145,10.43283213464501,18.08710100399953,-4.531087118219935,14.79313000934761,-8.025125054021121,-16.749674687686834,14.61308807295707,-5.085037391179881,0.8367518268455276,-16.700369681429784,-8.71771659277255
2025-08-11,28.014363563828603,7.596300575826387,13.480499320153626,0.726064534383819,7.495974277159134,-27.770171222003505,-24.11870462912057,16.754623416750757,-5.690277096274887,-4.563541659800352,-17.08501233662547,-10.63924426782098
2025-09-10,18.866322445915863,11.202669536502041,19.584519269115,3.821837024214303,6.806777730450775,122.67055889056854,-25.563086433986893,18.461452538666776,-7.090301610245298,-2.3140951900511575,-17.654029759707356,-10.541535482888186
2025-10-13,31.081473922447998,15.460982052174522,22.389573674751738,8.951805649559619,20.473768067668452,38.417174464707536,-19.10528935476211,21.607215135392586,-3.0815389438306973,1.5243653707291527,-8.56845996432314,-1.8365099827797993
2025-11-10,24.75185269261693,12.222784107130558,13.585345199689346,14.940779760550127,15.040694656653608,65.67097239123201,-16.080213276440315,17.242668479958102,-2.4928326418465763,-0.6797045023540949,-12.98009184549379,-7.433584746414801
2025-12-10,41.66569147001431,24.96112254022984,19.06286030426574,30.17384994394059,12.341923373648832,44.737044782756286,-12.604467933067308,11.526202690506548,-4.565328045943873,-1.189869965376722,-18.149815942438597,-13.530064101010343
2026-01-12,53.47039578038204,29.39760931231352,19.19761324565108,-24.82225082051248,-9.862530285275595,-71.79842511504268,-29.218827950350967,-40.41275753224337,2.362698224157689,-73.90493916983752,-81.16362797805256,-51.47283363865414
