code,name,industry,close_price,ytd_yoy,3m_smooth,6m_smooth,revenue_date
1101,台泥,水泥工業,23.65,-14.044313438022549,-1.377367320880392,4.863840714836015,2026-01-12
1102,亞泥,水泥工業,37.1,-4.721449409645517,-3.4939465038777033,-2.070059438826,2025-12-10
1103,嘉泥,水泥工業,13.95,1.3611670286459043,1.5067292421816447,2.580375868699542,2025-12-10
1104,環泥,水泥工業,29.9,-0.5366046179404282,-0.5530743009667097,-1.531492421459128,2025-12-10
1108,幸福,水泥工業,14.9,-25.928713115063328,-11.361473246612329,-5.878640206572399,2026-01-12
1109,信大,水泥工業,15.4,4.627769638568768,-4.255829889157908,-7.65225427419949,2026-01-12
1110,東泥,水泥工業,16.45,-9.32327998249366,-0.8550176070852116,4.579925297867333,2026-01-12
1201,味全,食品工業,14.45,-5.73012822683423,-5.269317472184869,-4.813804587910003,2025-12-10
1203,味王,食品工業,39.65,-6.476838691570396,-4.843129149399335,-3.908653248704907,2025-12-10
1210,大成,食品工業,51.2,4.646530236773838,0.5429855581558766,-0.4954317290646533,2026-01-12
1213,大飲,食品工業,10.0,24.475607582149863,52.542570708368004,63.07012525624191,2026-01-12
1215,卜蜂,食品工業,138.5,13.019696037489181,4.735648694806871,2.8462342149206363,2026-01-12
1216,統一,食品工業,75.3,2.5369519833953857,2.8663143099655186,3.617923279371556,2025-12-10
1217,愛之味,食品工業,10.45,-0.8318293396799015,-0.37519128934598117,0.4467930671626616,2025-12-10
1218,泰山,食品工業,18.25,14.30906605472353,0.5598519308692804,-2.8254879104706796,2026-01-12
1219,福壽,食品工業,13.5,5.090581595989985,2.0601222950773477,1.2682390918688786,2026-01-12
1220,台榮,食品工業,12.55,-3.600565308408188,-1.8711590480963463,-1.1859638662654115,2026-01-12
1225,福懋油,食品工業,27.9,-4.866801855607095,-5.0429615140167865,-4.196113393946294,2026-01-12
1227,佳格,食品工業,29.7,-0.5015255022573606,-0.2565668830613599,0.10765431944633012,2025-12-10
1229,聯華,食品工業,46.8,-2.0025577596899713,-3.602792404469485,-7.033951419153914,2025-12-10
1231,聯華食,食品工業,95.5,-6.702013646721583,3.5511912482145314,6.706207456617925,2026-01-12
1232,大統益,食品工業,144.5,2.2167917075151644,-1.2224260768682635,-2.4995491317569005,2026-01-12
1233,天仁,食品工業,32.15,-4.2500365812788825,-2.389603386470666,-2.4592004320690317,2026-01-12
1234,黑松,食品工業,37.45,-9.57041148957617,-7.63426531152988,-7.6555854301904995,2026-01-12
1235,興泰,食品工業,45.0,-1.9925817303545257,33.59720684090995,42.69407392064779,2026-01-12
1236,宏亞,食品工業,25.45,-25.791507246923118,-9.657532027074266,-5.8477656270803,2026-01-12
1256,鮮活果汁-KY,食品工業,158.5,74.51649261824049,22.710550053897986,8.157785585336333,2026-01-12
1301,台塑,塑膠工業,41.0,-10.609559528674328,-9.380162718340749,-7.780936796282109,2025-12-10
1303,南亞,塑膠工業,61.9,1.9064057548322522,2.59129189114162,3.762612116888349,2025-12-10
1304,台聚,塑膠工業,11.1,-18.118495457829898,-13.740171187439879,-11.66908342672175,2026-01-12
1305,華夏,塑膠工業,11.15,-12.12485251241172,-15.501191600546496,-15.529118529706123,2026-01-12
1307,三芳,塑膠工業,31.95,-1.112928732468954,0.44994006356222876,1.127697603563237,2026-01-12
1308,亞聚,塑膠工業,12.95,-10.84643343524807,-6.659443809844125,-6.714264091198054,2026-01-12
1309,台達化,塑膠工業,11.45,-33.030142006884134,-22.578894052238628,-17.227714959268248,2026-01-12
1310,台苯,塑膠工業,8.64,-46.33376608404052,-27.38193786170442,-21.25763041119861,2026-01-12
1312,國喬,塑膠工業,12.4,64.74566698633622,43.738642505206506,33.97268866979466,2026-01-12
1313,聯成,塑膠工業,10.05,-21.030881144921654,-16.97991952820561,-16.476691936316573,2026-01-12
1314,中石化,塑膠工業,7.89,-34.589679027927886,-33.850687364681534,-32.531488311597634,2025-12-10
1315,達新,塑膠工業,63.9,-11.667749598976629,3.6648949195920673,10.79256510829658,2026-01-12
1316,上曜,建材營造業,14.6,200.37014828140153,196.35844785698683,195.2318545679667,2025-12-10
1319,東陽,汽車工業,94.7,-6.879886902556209,-2.6616817595675712,-0.4899908037247139,2026-01-12
1321,大洋,塑膠工業,35.0,-23.91032523568677,-21.83397303661602,-19.47960410421838,2026-01-12
1323,永裕,塑膠工業,19.45,-7.5558028111446625,-21.28526781743844,-26.625515377326185,2026-01-12
1324,地球,塑膠工業,11.35,-6.4120537547616046,-6.107833627861737,-5.763809620491654,2026-01-12
1325,恆大,塑膠工業,30.65,-13.840799168286399,-12.66905578711305,-12.336872775275078,2026-01-12
1326,台化,塑膠工業,31.9,-16.46483798115691,-16.03719856822909,-15.492430323061832,2025-12-10
1337,再生-KY,塑膠工業,4.85,-23.469119908003456,-18.968145114563715,-18.763120517816066,2026-01-12
1338,廣華-KY,汽車工業,20.3,-14.61510786361856,-1.288715969244673,1.999680092542859,2026-01-12
1339,昭輝,汽車工業,42.05,-26.975482871215895,-15.06545769593014,-10.045450047648714,2026-01-12
1340,勝悅-KY,塑膠工業,6.71,-88.84589912510022,-63.87393382617506,-53.01688317046406,2026-01-12
1341,富林-KY,塑膠工業,58.4,-8.839303499415575,-6.331511490092386,-4.9227766373439605,2026-01-12
1342,八貫,其他業,92.3,26.250475178791575,17.61819526471038,16.636485839613705,2026-01-12
1402,遠東新,紡織纖維,28.35,-5.277389405435962,-5.4074287494110616,-5.351044326136031,2025-12-10
1409,新纖,紡織纖維,14.85,-34.010471920878814,-16.617700148785,-11.577418437971952,2026-01-12
1410,南染,紡織纖維,34.15,-29.91835530198702,-20.7763105004053,-16.89022098930229,2026-01-12
1413,宏洲,紡織纖維,9.98,-20.694865601069022,-9.126115685416286,-3.0002911121957463,2026-01-12
1414,東和,紡織纖維,,-1.267482517482521,-8.317178351914505,-9.71066614843811,2026-01-12
1416,廣豐,其他業,11.8,7.218790003896025,8.530940412695884,7.243001980771616,2026-01-12
1417,嘉裕,紡織纖維,8.8,-39.543848377770644,-43.60456101551176,-52.012499363860314,2026-01-12
1418,東華,紡織纖維,19.8,-98.3947119924457,-65.8004158617182,-58.420063920739665,2026-01-12
1419,新紡,紡織纖維,72.8,3.2707405180788074,13.809234021398787,17.739226003487744,2026-01-12
1423,利華,紡織纖維,38.0,52.215498731212186,2.2683419251089822,-14.637038278599578,2026-01-12
1432,大魯閣,運動休閒,17.95,4.8183609359298,4.687569108162286,4.492165871085937,2025-12-10
1434,福懋,紡織纖維,15.9,-6.084025176757035,-3.64123469750086,-1.7316723871145656,2026-01-12
1435,中福,其他業,21.35,0.20080321285140812,-30.4195402550537,-38.21469712985306,2026-01-12
1436,華友聯,建材營造業,61.7,12.742991438643614,-24.304241872047243,-21.841852757877792,2026-01-12
1437,勤益控,其他業,32.9,-13.637046684031251,4.200349191122657,7.938484513905301,2026-01-12
1438,三地開發,建材營造業,32.95,inf,-34.89727398261856,-56.01510790355733,2026-01-12
1439,雋揚,建材營造業,29.95,2681.2956204379566,1169.1549699421091,792.6309859375851,2026-01-12
1440,南紡,紡織纖維,13.35,-5.189077093946337,-12.438544316107283,-12.874431110512843,2026-01-12
1441,大東,紡織纖維,10.35,-0.6478616638658119,-2.369313644691749,0.7707722741693717,2026-01-12
1442,名軒,建材營造業,30.0,50.29638480822849,-28.35271395234658,-47.08703935964606,2026-01-12
1443,立益物流,其他業,26.95,-7.572492397576802,3.9725737943589845,9.60527774544052,2026-01-12
1444,力麗,紡織纖維,6.21,-25.186242877737353,-14.576221726404262,-11.124821948567558,2026-01-12
1445,大宇,紡織纖維,12.45,19.50154397120356,-11.701258536387565,-20.452526628223268,2026-01-12
1446,宏和,紡織纖維,18.15,-93.61080392257384,-78.30369044734454,-70.62395468936467,2026-01-12
1447,力鵬,紡織纖維,5.27,-34.3437274792831,-23.018806983625023,-19.96202207208873,2026-01-12
1449,佳和,紡織纖維,11.3,140.86484219774954,34.53697936259109,9.304327732898146,2026-01-12
1451,年興,紡織纖維,17.2,24.743312382252046,4.4268895587490205,-1.9188751415362606,2026-01-12
1452,宏益,紡織纖維,11.75,-35.67712936542007,-21.485837558139682,-15.875649951313028,2026-01-12
1453,大將,建材營造業,12.15,9.565217391304337,-63.03046852437338,-81.24863684659952,2026-01-12
1454,台富,紡織纖維,12.9,-13.083774446099717,-5.2722939084775655,-2.168234058463271,2026-01-12
1455,集盛,紡織纖維,7.74,-42.88705003158667,-35.00165052808455,-31.68821127413672,2026-01-12
1456,怡華,建材營造業,13.5,-24.9479562005396,-17.45212797643813,-11.701485670122603,2026-01-12
1457,宜進,紡織纖維,15.6,-29.898266455094458,-14.394281940029261,-7.946522976342372,2026-01-12
1459,聯發,紡織纖維,11.8,-43.860782310881454,-17.967922171621506,-11.919053982075837,2026-01-12
1460,宏遠,紡織纖維,6.4,-16.935721807895487,-8.605490524843804,-4.34892788631226,2026-01-12
1463,強盛新,紡織纖維,17.55,-94.89134518209669,187.49712429629892,296.548841247408,2026-01-12
1464,得力,紡織纖維,11.15,-3.185105785320508,3.347521381880767,7.440062044643831,2026-01-12
1465,偉全,紡織纖維,12.55,-16.69350793357447,-24.150807895775596,-24.885407608083497,2026-01-12
1466,聚隆,紡織纖維,14.0,-13.818822745494208,-10.514777755767815,-5.836624583624414,2026-01-12
1467,南緯,紡織纖維,8.2,6.406668593101994,5.769982615825124,8.470942462379483,2025-12-10
1468,昶和,紡織纖維,11.7,-20.440356225289868,-22.391030066526024,-22.8081606490066,2026-01-12
1470,大統新創,紡織纖維,,16.202876123902787,8.1516219394274,8.740725554295818,2026-01-12
1471,首利,電子零組件業,9.78,-55.098168619039754,-37.28260409078079,-29.986168460687924,2026-01-12
1472,三洋實業,建材營造業,90.1,15.114709851551966,43.45929169999467,50.185676776235745,2026-01-12
1473,台南,紡織纖維,24.15,-41.21943839415437,-16.343145442499146,-8.229076057710929,2026-01-12
1474,弘裕,紡織纖維,10.35,-12.576634027172219,-7.835920565175012,-5.382702216559582,2026-01-12
1475,業旺,紡織纖維,31.7,-18.84389755329804,-20.926390814392622,-20.037882300696122,2026-01-12
1476,儒鴻,紡織纖維,405.5,-3.5706386172909887,2.665632078013866,5.727529786783125,2026-01-12
1477,聚陽,紡織纖維,317.5,-9.17475607073779,-4.013346380204413,-0.42048106265821783,2026-01-12
1503,士電,電機機械,174.0,6.239490915176549,6.562583201874254,7.155723868487949,2025-12-10
1504,東元,電機機械,83.4,15.636989308799043,8.519043137962528,5.718172608928163,2026-01-12
1506,正道,電機機械,12.0,-12.26775956284153,-0.613777661264427,3.0471462308924635,2026-01-12
1512,瑞利,汽車工業,7.36,6.324859234207669,4.622414823938999,2.29404584832951,2025-12-10
1513,中興電,電機機械,146.5,9.000668142360224,8.364405974994726,9.450888887359463,2026-01-12
1514,亞力,電機機械,97.8,10.807173385186797,13.723772017054396,12.271924443631248,2026-01-12
1515,力山,電機機械,27.0,97.86885712658733,14.843358567325053,-11.754195299340905,2026-01-12
1516,川飛,其他業,21.25,-62.39350266740983,-78.86345322785975,-84.29734139080199,2026-01-12
1517,利奇,電機機械,10.85,3.914938817045077,6.257658695465611,10.142376217881226,2025-12-10
1519,華城,電機機械,786.0,24.766939247456165,25.759597895297436,29.293306658884585,2025-12-10
1521,大億,汽車工業,23.8,20.16835144789846,2.571272136199108,-4.64255122562361,2026-01-12
1522,堤維西,汽車工業,45.45,70.80465603095563,33.42797596304674,17.88880442012599,2026-01-12
1524,耿鼎,汽車工業,30.05,-23.261070149746477,-11.503216104925228,-6.4027938554250445,2026-01-12
1525,江申,汽車工業,63.7,-6.291697065880419,-11.160090354383035,-12.660109644716897,2026-01-12
1526,日馳,電機機械,16.9,15.062036189400274,11.721821325719638,11.994788828137912,2026-01-12
1527,鑽全,電機機械,32.95,-6.690198369282707,-6.044570627353651,-3.9007303007009284,2026-01-12
1528,恩德,電機機械,21.95,-25.088039424579055,-24.44178287419264,-24.88179139852527,2025-12-10
1529,樂事綠能,電機機械,19.4,145.09092375307446,58.15057381528644,41.15816313309883,2026-01-12
1530,亞崴,電機機械,27.5,-20.03769579063671,-2.317123092613688,5.663538702724666,2026-01-12
1531,高林股,電機機械,11.95,-17.61277164704215,-8.086202681096516,-3.400145389565383,2026-01-12
1532,勤美,電機機械,25.6,-7.446742732024192,-17.222076592358142,-26.122212264755646,2026-01-12
1533,車王電,汽車工業,31.7,-44.14324456766173,13.99087881210825,33.86077943800411,2026-01-12
1535,中宇,電機機械,53.1,-28.100545598721148,-3.371100932765953,2.4242538692682527,2026-01-12
1536,和大,汽車工業,54.0,7.865641561543635,-11.26474340462817,-17.652995299992632,2026-01-12
1537,廣隆,電機機械,123.0,-16.823952188784432,-16.187784192100402,-14.064730935410076,2026-01-12
1538,正峰,電機機械,26.3,-40.94951692366754,-2.360770631609045,14.904492437062581,2026-01-12
1539,巨庭,電機機械,17.05,-20.954994841385112,-10.159866230833728,-6.219008410731104,2026-01-12
1540,喬福,電機機械,22.8,3.16622691292876,-5.250146984996899,-9.129698845393882,2026-01-12
1541,錩泰,電機機械,23.0,-0.7662004249291754,11.578369131579691,15.04486688909708,2026-01-12
1558,伸興,電機機械,103.5,-17.736140283877532,-5.8162353414397705,-1.005796746032171,2026-01-12
1560,中砂,電機機械,409.5,16.669891487424792,16.49299449868711,16.476852371128558,2026-01-12
1563,巧新,汽車工業,47.7,-15.310737930387198,26.3469659746294,52.86350614907357,2026-01-12
1568,倉佑,汽車工業,23.6,36.83998910519968,11.293273264348942,5.480434527752386,2026-01-12
1582,信錦,電子零組件業,63.3,-20.554207035815296,-9.709408644951788,-7.621196143658899,2026-01-12
1583,程泰,電機機械,44.4,-5.051362382515567,-11.39505823455602,-12.728443554385267,2026-01-12
1587,吉茂,汽車工業,53.2,25.668164538151373,23.748899159065065,22.39912881962465,2026-01-12
1589,永冠-KY,電機機械,16.35,-13.371688985936947,4.319446997755976,10.431101015049908,2026-01-12
1590,亞德客-KY,電機機械,1000.0,19.311117009342293,13.86398423363525,11.719281316671802,2026-01-12
1597,直得,電機機械,72.8,46.70685831219596,18.406132536286513,9.84409834665373,2026-01-12
1598,岱宇,運動休閒,19.6,-10.745972856663998,-7.451420860279001,-3.976378129019714,2025-12-10
1603,華電,電器電纜,38.35,51.77111426449172,30.65289804371584,26.936675866096987,2026-01-12
1604,聲寶,電器電纜,24.0,-0.6015129927820828,-0.1086158547876613,0.8072383133134317,2025-12-10
1605,華新,電器電纜,37.6,13.617497935096456,2.9409804264396624,1.5996592409497161,2026-01-12
1608,華榮,電器電纜,37.3,-1.9017308022066692,0.5952404678624013,1.1830885393803607,2026-01-12
1609,大亞,電器電纜,38.1,0.4673654842444863,2.4935901964814233,2.4572627378711474,2026-01-12
1611,中電,電器電纜,13.05,-15.836176814592129,-10.73334002322004,-8.839992725151694,2026-01-12
1612,宏泰,電器電纜,34.1,16.16542741492548,11.835449309193622,12.243258023598663,2026-01-12
1614,三洋電,電器電纜,34.15,-22.640823640789833,-9.144932811825052,-5.547812833340278,2026-01-12
1615,大山,電器電纜,48.3,-16.20201939657321,-6.664144433177324,-4.583973446734185,2026-01-12
1616,億泰,電器電纜,27.35,-11.015395741485056,6.809744555411778,13.367392497102758,2026-01-12
1617,榮星,電器電纜,14.45,-1.5956796686001251,-1.3645826197469777,-0.7807448461045103,2025-12-10
1618,合機,電器電纜,41.0,-59.70226385750398,-2.1138593411255022,12.398065610755046,2026-01-12
1626,艾美特-KY,電器電纜,11.0,0.5727493026805863,-0.45978011682458925,0.531404084271527,2025-12-10
1702,南僑,食品工業,38.85,-0.5889497243566133,-0.5378849371631831,0.3833719551999089,2025-12-10
1707,葡萄王,生技醫療業,124.0,-4.934972302561658,-6.252553957367408,-5.405289577315639,2025-12-10
1708,東鹼,化學工業,32.7,-4.2864541001647165,-3.614431073209747,-3.1774062294689016,2026-01-12
1709,和益,化學工業,16.9,-8.448348950490626,-11.069089019160899,-12.28470542853839,2026-01-12
1710,東聯,化學工業,12.55,-23.342706035758454,-9.173475942906077,-5.148457488864337,2026-01-12
1711,永光,化學工業,21.05,-8.907571836146811,-6.5799679025947055,-5.355985302951438,2026-01-12
1712,興農,化學工業,45.0,3.9274903073460266,-0.42353768928632407,-1.4680346178014332,2026-01-12
1713,國化,化學工業,47.3,-4.786796180441222,-8.854994054595041,-10.822149621649835,2026-01-12
1714,和桐,化學工業,8.95,44.19646579768637,23.746931766913885,18.429805898949475,2026-01-12
1717,長興,化學工業,51.4,-6.637644741803406,-6.071671571243361,-5.172583366749985,2025-12-10
1718,中纖,化學工業,6.92,-16.287452846552032,-1.52220149256571,4.5896371279992865,2026-01-12
1720,生達,生技醫療業,60.1,4.803368081023618,4.226185131621902,3.3755655603416237,2026-01-12
1721,三晃,化學工業,15.35,14.873253546575071,-10.060909184802613,-15.50289317189928,2026-01-12
1722,台肥,化學工業,46.4,-8.122722410573457,-0.9164766074206835,0.40615636881485706,2026-01-12
1723,中碳,化學工業,69.4,-16.662796311858152,-20.544927118465424,-20.87744252984405,2026-01-12
1725,元禎,化學工業,28.15,-11.371801494394207,-5.062727659979827,-0.36706834600594745,2026-01-12
1726,永記,化學工業,75.8,4.929257324297298,5.901746987220196,7.592555893647121,2025-12-10
1727,中華化,化學工業,45.6,25.079810807206893,3.4341487538871824,-0.23631074555174436,2026-01-12
1730,花仙子,化學工業,52.5,2.6261588867988683,-3.03146917716535,-4.411999624785017,2026-01-12
1731,美吾華,生技醫療業,21.9,14.710677409446404,9.01076258877999,7.318297719462289,2026-01-12
1732,毛寶,化學工業,27.85,16.158134854764693,15.425933763302117,14.411061813395854,2025-12-10
1733,五鼎,生技醫療業,29.9,-16.148893501741547,1.3341674129321994,7.801073699098768,2026-01-12
1734,杏輝,生技醫療業,30.55,7.5514695819480115,8.339006071401915,7.327532863636022,2025-12-10
1735,日勝化,化學工業,16.75,-7.024706388510015,-9.568002818049639,-9.397607759321227,2026-01-12
1736,喬山,運動休閒,151.0,15.619407859917466,16.280521734040565,18.69983986822482,2026-01-12
1737,臺鹽,食品工業,31.55,7.9507701600724845,3.675122581020562,3.0323731868036075,2026-01-12
1752,南光,生技醫療業,37.1,-10.629865605783696,-1.9827381784047826,2.057987155694111,2026-01-12
1760,寶齡富錦,生技醫療業,64.1,14.883878298839415,6.06468539881008,3.7749834049352757,2026-01-12
1762,中化生,生技醫療業,24.95,-45.15643346842923,-39.296779528401586,-33.09852136387993,2026-01-12
1773,勝一,化學工業,166.5,0.9299459545415445,3.3129040095553286,4.635221030667531,2026-01-12
1776,展宇,化學工業,15.45,-8.819254824335376,-6.985981201522765,-4.680287410220466,2025-12-10
1783,和康生,生技醫療業,44.85,33.083536323255494,25.370068146327032,26.587242202582157,2026-01-12
1786,科妍,生技醫療業,75.6,1.1944017787134387,1.5925964110188957,2.2960950582661823,2026-01-12
1789,神隆,生技醫療業,23.4,-17.956507566312354,-8.145858717533917,-7.308991805473778,2026-01-12
1795,美時,生技醫療業,292.5,5.565027127858002,4.176178273832838,3.6449780789166977,2025-12-10
1802,台玻,玻璃陶瓷,35.0,-6.3920170220261525,-2.747720810393067,-2.1397667398135383,2026-01-12
1805,寶徠,建材營造業,12.0,-6.418853134283642,1823.3263083814843,3870.867588102256,2026-01-12
1806,冠軍,玻璃陶瓷,8.89,-36.492953106902384,-13.629108805952358,-6.620321460287734,2026-01-12
1809,中釉,玻璃陶瓷,18.75,-4.874184098483991,2.397139658876812,3.627287729395393,2026-01-12
1810,和成,玻璃陶瓷,20.35,-4.122579843667329,-3.1029571550046824,-1.5440342327629875,2025-12-10
1817,凱撒衛,玻璃陶瓷,38.3,-22.49620433444852,-8.813024849670924,-4.427161715441218,2026-01-12
1903,士紙,造紙工業,55.4,-1.5374380959420453,-1.7608512569171026,-2.2897978324217396,2026-01-12
1904,正隆,造紙工業,17.7,-13.693200376074566,-5.737903694409496,-2.419211233070497,2026-01-12
1905,華紙,造紙工業,11.95,-8.681935131786144,-8.791939051167263,-9.018092116800211,2025-12-10
1906,寶隆,造紙工業,12.1,67.17485445524677,16.810008282104583,2.92362313067283,2026-01-12
1907,永豐餘,造紙工業,25.3,-4.367272285450308,-3.77187950020634,-3.113501005916486,2025-12-10
1909,榮成,造紙工業,9.82,-13.58785705015515,-8.337748343280266,-7.402546643826142,2026-01-12
2002,中鋼,鋼鐵工業,19.0,-10.860318889591369,-10.705858363550014,-10.33395746408535,2025-12-10
2006,東和鋼鐵,鋼鐵工業,67.8,-9.341298361310201,-5.021330384981955,-3.8804653800425775,2026-01-12
2007,燁興,鋼鐵工業,8.04,-31.37415647457733,-23.191937725406987,-17.105920390414468,2026-01-12
2008,高興昌,鋼鐵工業,29.5,-13.979824093067695,15.310954208767901,23.40486860646966,2026-01-12
2009,第一銅,鋼鐵工業,47.7,2.4084474108472476,-3.1006096156632474,-3.9574276249918032,2026-01-12
2010,春源,鋼鐵工業,21.05,3.1938287652403696,4.1196705606260915,5.121300753378624,2025-12-10
2012,春雨,鋼鐵工業,17.0,-6.911143536100317,-4.648944314138394,-1.7283381297280294,2025-12-10
2013,中鋼構,鋼鐵工業,42.55,-7.2111160150059135,3.1383870733593895,6.815532379903366,2026-01-12
2014,中鴻,鋼鐵工業,16.35,-40.69548288878991,-37.689374054539506,-37.23927283410266,2026-01-12
2015,豐興,鋼鐵工業,62.6,-24.62531662486954,-16.048458310944365,-12.752021761519083,2026-01-12
2017,官田鋼,鋼鐵工業,8.84,-17.11385794895707,-15.608966167346034,-13.81119823685251,2025-12-10
2020,美亞,鋼鐵工業,23.45,3.093162584565712,-7.65140365805641,-10.104924177788652,2026-01-12
2022,聚亨,鋼鐵工業,8.4,18.951432769486452,17.81809767291307,14.631894194465056,2025-12-10
2023,燁輝,鋼鐵工業,14.8,-17.17835511079091,-9.868409226320445,-7.667193020079338,2026-01-12
2024,志聯,鋼鐵工業,16.1,-7.942534150656555,-6.314745209451431,-5.551116824043727,2025-12-10
2025,千興,鋼鐵工業,11.8,-24.829170069787565,-18.917950190618857,-16.92793008182064,2026-01-12
2027,大成鋼,鋼鐵工業,35.65,22.576179657440655,15.296175251643879,12.83312519211249,2026-01-12
2028,威致,鋼鐵工業,17.85,2.8496601855838355,-11.585995659354724,-15.51047523177567,2026-01-12
2029,盛餘,鋼鐵工業,21.25,-39.37641818880243,-10.677819351515891,-2.26107700523346,2026-01-12
2030,彰源,鋼鐵工業,15.25,-8.201153701643616,-13.559194796127523,-14.948283833981366,2026-01-12
2031,新光鋼,鋼鐵工業,38.55,-28.752496050190114,5.232436182564541,16.9633189835731,2026-01-12
2032,新鋼,鋼鐵工業,16.25,-0.7940279518793614,2.420080674824766,5.351506871161629,2026-01-12
2033,佳大,鋼鐵工業,16.1,22.355088660408295,21.367792726301428,21.672829020222906,2026-01-12
2034,允強,鋼鐵工業,20.75,-26.304699747545413,-13.975144384766226,-6.8868511755534465,2026-01-12
2038,海光,鋼鐵工業,14.7,-19.42604937839516,-8.423136533184797,-2.808883329321722,2026-01-12
2049,上銀,電機機械,197.0,7.588733713309659,2.263903271133347,1.3140134410962958,2026-01-12
2059,川湖,電子零組件業,3315.0,53.463829256449436,68.41022142462359,73.38681327526531,2026-01-12
2062,橋椿,居家生活,20.85,-11.970388138122058,-15.753763376181686,-18.099108190306424,2026-01-12
2069,運錩,鋼鐵工業,18.55,-9.674637002885412,-5.544010895819724,-3.5075490956140776,2026-01-12
2101,南港,橡膠工業,37.3,4.432441335335269,-28.66148518985443,-21.808477643773006,2026-01-12
2102,泰豐,橡膠工業,19.75,19.139581478183445,5.514061506123068,8.485874039584344,2026-01-12
2103,台橡,橡膠工業,15.05,-12.432521364494153,-3.3552947240531203,1.2777485120487067,2026-01-12
2104,國際中橡,橡膠工業,10.95,-14.402847458104983,-14.278121810238256,-12.662354694613482,2025-12-10
2105,正新,橡膠工業,30.15,-6.625213997373825,-5.478006407316009,-4.6463536177027285,2026-01-12
2106,建大,橡膠工業,19.35,-0.5633085107706326,-0.7431558157483624,-0.23322818027907455,2025-12-10
2107,厚生,橡膠工業,24.6,-20.93884632629589,-8.76716988349056,-6.57432042777473,2026-01-12
2108,南帝,橡膠工業,23.65,-17.358144758135076,-13.729971585848475,-10.53102463840539,2026-01-12
2109,華豐,橡膠工業,14.95,-5.767331018957544,-5.065819916763558,-2.249925884844922,2025-12-10
2114,鑫永銓,橡膠工業,89.9,9.224251744599353,8.38130033840578,7.719672040396328,2026-01-12
2115,六暉-KY,汽車工業,24.35,1.0248443512687722,-2.2138283687174005,-1.6009846808649568,2026-01-12
2201,裕隆,汽車工業,31.45,-16.808530205248417,-15.265381600875807,-15.591061588669263,2026-01-12
2204,中華,汽車工業,57.8,21.36039690694218,-7.970321126576194,-18.07026810732214,2026-01-12
2206,三陽工業,汽車工業,60.9,-3.651528748213695,-4.138734866875916,-4.557537136461638,2025-12-10
2207,和泰車,汽車工業,544.0,0.8140292245812919,0.9142166359805849,0.08080696855903291,2025-12-10
2208,台船,航運業,20.1,37.45552397179552,42.08358676522837,45.46652614429846,2025-12-10
2211,長榮鋼,鋼鐵工業,102.0,-3.57186407274237,14.08718932432948,17.685202948528836,2026-01-12
2227,裕日車,汽車工業,54.6,-18.92864765985147,-30.88807328878598,-34.84579903339697,2026-01-12
2228,劍麟,汽車工業,109.5,-2.7517371616640918,-2.3422505904932827,-0.9249326622101631,2025-12-10
2231,為升,汽車工業,96.9,-0.8383680067158727,-13.585026216857402,-14.071451348727555,2026-01-12
2233,宇隆,汽車工業,209.0,-7.97868146204741,-8.733897770296187,-8.109666759427094,2026-01-12
2236,百達-KY,汽車工業,112.5,271.54849010570445,392.89386932027907,421.60234386700864,2025-12-10
2239,英利-KY,汽車工業,33.45,-11.437826271683992,-11.765574356065281,-11.898441681129855,2025-12-10
2241,艾姆勒,汽車工業,34.7,67.94187669321074,25.022334204189008,9.654761776128437,2026-01-12
2243,宏旭-KY,汽車工業,11.45,-25.982392006853207,-5.479840215937764,-1.5277963724373567,2026-01-12
2247,汎德永業,汽車工業,271.5,-8.572068462067017,-7.390707713125895,-5.344477839523672,2025-12-10
2248,華勝-KY,汽車工業,49.25,,,,2026-01-12
2250,IKKA-KY,汽車工業,70.8,-3.14048421533214,-6.09763769958441,-5.590767319267546,2026-01-12
2254,巨鎧精密-創,汽車工業,59.9,-68.35590121773618,-28.40424798951017,-14.470997139613937,2026-01-12
2258,鴻華先進-創,汽車工業,40.55,-38.98811225689216,-45.71452317363514,-43.651017501484624,2026-01-12
2301,光寶科,電腦及週邊設備業,160.0,11.351755403684137,17.99136200518275,19.217817611467215,2026-01-12
2302,麗正,半導體業,17.7,15.227767668029003,15.061552527114772,16.067704749597173,2026-01-12
2303,聯電,半導體業,55.1,1.6603871238245471,2.4648982056398574,2.923923186695731,2026-01-12
2305,全友,電腦及週邊設備業,11.3,18.381985681780332,7.158957424528182,4.138328486758983,2026-01-12
2308,台達電,電子零組件業,1015.0,30.386413683368186,29.204344783101533,26.726411663690225,2025-12-10
2312,金寶,其他電子業,22.8,3.3193349754165435,1.6048439227436724,2.416602476533234,2026-01-12
2313,華通,電子零組件業,115.5,13.09377126416118,7.596125541654423,6.1181496739428125,2026-01-12
2314,台揚,通信網路業,21.3,0.5293218566486901,-0.20166045818597947,-12.931437174334016,2026-01-12
2316,楠梓電,電子零組件業,97.7,24.411882269213137,14.182266156626204,9.73681806063106,2026-01-12
2317,鴻海,其他電子業,230.5,31.769680632647646,22.59196852746818,21.031497709423416,2026-01-12
2321,東訊,通信網路業,18.8,-16.75798614700713,2.444023911265127,5.705528523826691,2026-01-12
2323,中環,光電業,10.8,1.6284359715706964,-2.2275835640307133,-3.313522129104997,2026-01-12
2324,仁寶,電腦及週邊設備業,29.55,2.9781243740411467,-10.55577561904186,-12.890691633710466,2026-01-12
2327,國巨*,電子零組件業,241.5,29.74238472420483,14.420379168122835,9.903034237852525,2026-01-12
2328,廣宇,電子零組件業,47.5,-15.197581117182002,-4.5580958707208525,0.06382543607624107,2026-01-12
2329,華泰,半導體業,57.3,22.78198891437797,19.680391136101004,17.486412651931285,2026-01-12
2330,台積電,半導體業,1680.0,20.434219912563755,30.086867587156195,34.50650838090065,2026-01-12
2331,精英,電腦及週邊設備業,23.0,9.353865092339264,11.940642637285046,10.005838207722219,2026-01-12
2332,友訊,通信網路業,14.8,-7.2036971166486,-7.580693889063874,-8.228015458106489,2025-12-10
2337,旺宏,半導體業,58.3,44.93534352229418,20.10383362418764,12.802884687485951,2026-01-12
2338,光罩,半導體業,36.95,-26.794913466373927,-20.494666868727673,-17.455984214057114,2026-01-12
2340,台亞,半導體業,28.0,-12.118687307308173,-2.0858239166851855,1.4913275907604762,2026-01-12
2342,茂矽,半導體業,32.4,-20.671321431987355,4.441298064604797,15.25955147985679,2026-01-12
2344,華邦電,半導體業,97.8,53.3257232567508,20.332670494435508,9.549185803288745,2026-01-12
2345,智邦,通信網路業,1215.0,67.64586174209457,112.441844305421,126.23809071730757,2026-01-12
2347,聯強,電子通路業,63.9,13.881955896229648,0.433540033714826,-3.906723085831965,2026-01-12
2348,海悅,其他業,81.3,81.1086653749665,-3.2756851080404537,-25.606656753045243,2026-01-12
2349,錸德,光電業,15.55,-5.717101054683537,-0.5042410866875917,1.485453325638958,2026-01-12
2351,順德,半導體業,73.7,-1.1034233455813447,-3.0862391204906934,-3.06242709488872,2026-01-12
2352,佳世達,電腦及週邊設備業,24.1,0.8664664675277267,3.430000933356892,5.123503539717053,2026-01-12
2353,宏碁,電腦及週邊設備業,26.25,16.240027496842814,7.222935360205344,4.033594425442916,2026-01-12
2354,鴻準,其他電子業,58.9,-8.560343804879366,104.44981142805587,148.30114690860367,2026-01-12
2355,敬鵬,電子零組件業,31.7,7.683791613425539,-0.6095329487603403,-2.685525210823559,2026-01-12
2356,英業達,電腦及週邊設備業,42.9,-10.950710118778307,6.1534615578233725,13.895261269594343,2026-01-12
2357,華碩,電腦及週邊設備業,529.0,47.03736658275848,32.31357679566385,28.2470075452876,2026-01-12
2359,所羅門,其他電子業,130.0,17.919869255857446,16.09420375474569,17.347421482806478,2026-01-12
2360,致茂,其他電子業,923.0,59.291463676189025,38.28788424193019,33.29913433454006,2026-01-12
2362,藍天,電腦及週邊設備業,37.7,-23.20782836855151,-21.38908898738615,-18.860308339672972,2026-01-12
2363,矽統,半導體業,48.8,159.51493106005955,303.06709128317596,654.6716548955197,2026-01-12
2364,倫飛,電腦及週邊設備業,67.4,-17.70095262381377,11.970326037305242,21.275198240695094,2026-01-12
2365,昆盈,電腦及週邊設備業,34.85,20.207767336213433,5.2766683286812395,1.9917425904508939,2026-01-12
2367,燿華,電子零組件業,30.6,-15.018854568515893,-10.350976607002938,-8.318960246001032,2026-01-12
2368,金像電,電子零組件業,637.0,46.343233018003986,50.71682045398012,48.18417724516652,2026-01-12
2369,菱生,半導體業,25.0,36.7654405572446,11.330647840613048,3.438573957477909,2026-01-12
2371,大同,電機機械,31.2,-0.12991511083961793,-1.462800742096869,-3.717519395376025,2025-12-10
2373,震旦行,其他電子業,56.2,-3.5709815518281784,-3.8095888473112005,-3.856050844033593,2026-01-12
2374,佳能,光電業,78.4,108.28055777471133,71.48676338802586,55.721100506506474,2026-01-12
2375,凱美,電子零組件業,90.6,9.370246074698274,6.636304929771364,6.112531600208681,2026-01-12
2376,技嘉,電腦及週邊設備業,240.0,72.22198923031864,39.99639239954286,34.191148421220866,2026-01-12
2377,微星,電腦及週邊設備業,97.4,33.917303147019325,21.279249187556257,20.100806127037696,2026-01-12
2379,瑞昱,半導體業,510.0,-3.9465167842522075,5.7400336179785745,9.588049389241219,2026-01-12
2380,虹光,電腦及週邊設備業,5.63,56.4754795713736,24.266939510143956,13.866451100031412,2026-01-12
2382,廣達,電腦及週邊設備業,283.0,96.86717467454835,63.25811526958995,59.57547020904482,2026-01-12
2383,台光電,電子零組件業,1565.0,35.792947727747105,44.42435339717173,48.51795174156475,2026-01-12
2385,群光,電子零組件業,116.0,-4.883430844034898,-4.798876598494444,-3.0070997045095145,2026-01-12
2387,精元,電腦及週邊設備業,38.3,-18.908841165271795,-17.192498496973723,-15.486251026054992,2026-01-12
2388,威盛,半導體業,50.0,-36.345683836317534,-34.23743296965308,-28.021345066467575,2026-01-12
2390,云辰,其他電子業,9.96,-9.543055097327613,-3.951888773591192,-0.11934609130796107,2026-01-12
2392,正崴,電子零組件業,37.2,-28.079639642127987,-7.970943421663499,-2.3005413012453135,2026-01-12
2393,億光,光電業,56.1,0.4068311537912095,-3.7301430036414067,-3.983596330780376,2026-01-12
2395,研華,電腦及週邊設備業,288.5,11.667907712463709,16.613900758088423,18.705476844330803,2026-01-12
2397,友通,電腦及週邊設備業,60.5,1.3241310483931512,15.454779129478084,23.18540888462573,2026-01-12
2399,映泰,電腦及週邊設備業,24.8,-12.904254510647572,-13.183937767226952,-13.46095510460644,2025-12-10
2401,凌陽,半導體業,20.25,-1.1446536800694518,-0.9590605632433377,0.8718680192302616,2025-12-10
2402,毅嘉,電子零組件業,57.0,15.216158493073006,14.663302910987598,15.501978518894722,2026-01-12
2404,漢唐,其他電子業,994.0,32.63635096380608,28.152628712566422,19.931974703493562,2025-12-10
2405,輔信,電腦及週邊設備業,17.25,10.619981656395328,4.471481764641017,0.8755589690055152,2026-01-12
2406,國碩,光電業,25.5,188.2086970563666,46.46905392368881,4.998865404806305,2026-01-12
2408,南亞科,半導體業,217.5,444.86434332593825,182.77596669021352,97.98920833630997,2026-01-12
2409,友達,光電業,14.5,2.4216284771870322,1.4862983971944501,1.775784310481365,2026-01-12
2412,中華電,通信網路業,133.5,4.68803500823074,4.616156794059356,4.7571015204075655,2025-12-10
2413,環科,電子零組件業,43.0,4.455956424573371,4.473723079118021,4.789274587768407,2026-01-12
2414,精技,電子通路業,40.8,19.400048002855485,21.169072612456574,23.485344823470317,2025-12-10
2415,錩新,電子零組件業,26.75,18.41630029345689,6.275926191839872,1.3219924955167934,2026-01-12
2417,圓剛,電腦及週邊設備業,38.95,42.79142699733009,14.25494480156432,6.803713346417907,2026-01-12
2419,仲琦,通信網路業,25.6,11.844055212772275,1.550955495319111,0.1421962319320945,2026-01-12
2420,新巨,電子零組件業,50.0,4.650846920469265,0.26374696040977935,2.0150866790006696e-06,2026-01-12
2421,建準,電子零組件業,156.5,30.082035509251416,29.23596428524589,28.916413239455128,2026-01-12
2423,固緯,其他電子業,54.5,-0.3516074610157238,2.9244125661634723,3.268370109028503,2026-01-12
2424,隴華,通信網路業,31.55,-44.94433978420963,40.97404206932421,67.8601412306564,2026-01-12
2425,承啟,電腦及週邊設備業,30.05,26.61753552105981,39.83194768947143,50.00123762270937,2026-01-12
2426,鼎元,光電業,16.5,-3.4951103675616824,-2.9681852237975668,-1.6396109657999463,2026-01-12
2427,三商電,資訊服務業,26.4,-1.8369331325449267,25.91085676099353,26.59276855266341,2026-01-12
2428,興勤,電子零組件業,172.0,-3.541642049386917,5.532643718542698,8.390447738706671,2026-01-12
2429,銘旺科,光電業,76.0,68.12590824164417,70.46713746229226,78.27686021911438,2026-01-12
2430,燦坤,電子通路業,22.7,-8.83355499988796,-7.369663696017471,-7.01044835911378,2026-01-12
2431,聯昌,電子零組件業,11.8,-10.083415112855743,-8.335940399863851,-2.685922207138416,2026-01-12
2432,倚天酷碁-創,電腦及週邊設備業,24.75,25.02451586886989,25.36926932338444,25.07994496723519,2026-01-12
2433,互盛電,其他電子業,47.0,-3.2615767356408365,-2.113055975918876,-1.9616677393025965,2026-01-12
2434,統懋,半導體業,30.9,-4.820126969198213,-10.138027661902978,-12.784383038687588,2026-01-12
2436,偉詮電,半導體業,48.35,10.836394929335057,14.20116305122874,16.250598878583705,2026-01-12
2438,翔耀,光電業,21.65,36.05883173009899,32.588565061401646,42.12730132128082,2026-01-12
2439,美律,通信網路業,100.0,9.542873024001475,7.402138657955398,5.651939188166051,2026-01-12
2440,太空梭,電子零組件業,14.4,-16.51905273231743,-10.348818238926187,-7.422355746953733,2026-01-12
2441,超豐,半導體業,91.5,3.7315350654052226,8.722691170425536,9.660659290024826,2026-01-12
2442,新美齊,建材營造業,23.4,-27.673753596398875,-28.32311973222525,-29.039782340270595,2025-12-10
2444,兆勁,通信網路業,11.1,31.22058392735085,-2.3161585100551334,-6.238840213499981,2026-01-12
2449,京元電子,半導體業,263.5,33.03621324784385,21.09076012768196,14.878894755289943,2026-01-12
2450,神腦,通信網路業,28.75,17.08547204072004,6.232045894248208,1.9213595414418936,2026-01-12
2451,創見,半導體業,241.5,241.97800944178073,109.97398399465658,68.7524809546561,2026-01-12
2453,凌群,資訊服務業,53.2,6.429056216774032,7.309518636775702,7.69830947660827,2026-01-12
2454,聯發科,半導體業,1420.0,22.989108621819266,14.597108354810189,12.862639447419527,2026-01-12
2455,全新,通信網路業,147.5,28.276033881415042,9.384456215202114,0.7556464578938057,2026-01-12
2457,飛宏,電子零組件業,28.0,-30.267916336266854,-12.240730292555336,-7.135402224658612,2026-01-12
2458,義隆,半導體業,119.5,-5.6544846462897596,-3.4324642008060766,-2.704490227560896,2026-01-12
2459,敦吉,其他電子業,66.0,17.79073930347479,-0.8782775838430487,-6.770508031981361,2026-01-12
2460,建通,電子零組件業,23.45,14.549659276618044,4.162717451809489,1.6375249404391576,2026-01-12
2461,光群雷,其他電子業,16.35,-5.538500026029169,-5.572965453747855,-5.960524738569582,2025-12-10
2462,良得電,電子零組件業,23.5,-15.689724263999516,-2.8904298439450558,1.8346792804710763,2026-01-12
2464,盟立,其他電子業,65.4,-9.31996411310898,-8.21192424104956,-3.816504578984824,2025-12-10
2465,麗臺,電腦及週邊設備業,58.4,-61.580425583582475,-0.9950240369898088,8.24981667924183,2026-01-12
2466,冠西電,光電業,68.0,-46.77364520296457,-22.118090818520784,-11.970233667493053,2026-01-12
2467,志聖,電子零組件業,259.0,39.2022801220308,30.72744537953967,26.685921242159935,2026-01-12
2468,華經,資訊服務業,40.4,-10.33016583443277,17.084561375037556,25.407542428587337,2026-01-12
2471,資通,資訊服務業,49.8,27.887929144560886,16.550434322708398,14.568385434987595,2026-01-12
2472,立隆電,電子零組件業,110.0,9.91508257268434,8.554671349902678,9.524691603347673,2026-01-12
2474,可成,其他電子業,204.0,-25.86330087499111,-1.3472239380453814,5.501222780604549,2026-01-12
2476,鉅祥,電子零組件業,92.0,25.97581583467228,16.325926373835983,13.744387994410623,2026-01-12
2477,美隆電,其他電子業,25.0,7.23441168992387,-0.7002708916601893,0.07509277416179765,2026-01-12
2478,大毅,電子零組件業,62.2,3.8996320934832074,8.701951429752718,11.043201782841194,2026-01-12
2480,敦陽科,資訊服務業,151.5,-3.156278498033016,9.016756259484305,14.273800440815961,2026-01-12
2481,強茂,半導體業,79.4,11.740374748129323,6.061460062986956,4.4398844999367855,2026-01-12
2482,連宇,其他電子業,17.15,4.901906604034267,-12.294148802958423,-15.623846784409928,2026-01-12
2483,百容,電子零組件業,18.9,1.3437085078132904,-0.5720211953109428,-0.5801977948763695,2026-01-12
2484,希華,電子零組件業,20.55,0.24550850450573147,6.2765099223150065,9.205714362882327,2026-01-12
2485,兆赫,通信網路業,25.0,128.98017234167156,31.620038605053455,-3.33553408936802,2026-01-12
2486,一詮,光電業,91.1,10.502254324816063,9.161597735227097,10.21783280656808,2026-01-12
2488,漢平,其他電子業,45.85,-36.94769801693146,-10.963836162050052,0.09911007844026187,2026-01-12
2489,瑞軒,光電業,15.65,-4.691114803467444,4.108201195336753,6.43047828224054,2026-01-12
2491,吉祥全,光電業,18.65,-11.999940498621553,-12.038186561681483,-11.154877210584372,2025-12-10
2492,華新科,電子零組件業,124.0,7.118784441917114,5.627992656024472,5.630755640587496,2026-01-12
2493,揚博,電子零組件業,124.0,11.593417562672915,5.2721597805095675,3.9207683947566796,2026-01-12
2495,普安,電腦及週邊設備業,32.0,-6.683741356899486,-7.939607272814405,-10.548179706543705,2026-01-12
2496,卓越,其他業,67.9,6.287514598441013,4.85738593596279,4.494342920338505,2026-01-12
2497,怡利電,汽車工業,53.0,-20.819616930213602,-6.652132218210926,-0.2380520924566015,2026-01-12
2498,宏達電,通信網路業,45.95,-26.21974644640799,-15.115920882119767,-12.710906526141365,2026-01-12
2501,國建,建材營造業,24.05,-21.931885027526874,7.252673428462227,12.055011094571123,2026-01-12
2504,國產,建材營造業,37.35,1.0523983066374143,3.2992012006770466,4.263670856818709,2026-01-12
2505,國揚,建材營造業,19.45,2537.954957839684,1035.2545558743157,674.8430659457016,2026-01-12
2506,太設,建材營造業,9.07,11.419690323330322,-20.897622240104802,-31.045379768877993,2026-01-12
2509,全坤建,建材營造業,15.6,-7.419717044688978,-57.230918078201135,-71.1964626192785,2026-01-12
2511,太子,建材營造業,8.53,80.24307071429308,28.949022954086487,15.89088895083576,2026-01-12
2514,龍邦,其他業,14.75,8.640069676372741,-7.443863300433477,-12.009021151346415,2026-01-12
2515,中工,建材營造業,13.25,3.2215030671931766,-3.4479210667768947,-1.6565091425034844,2026-01-12
2516,新建,建材營造業,14.3,-12.418678783521953,7.31295061223705,12.978968928599075,2026-01-12
2520,冠德,建材營造業,32.75,43.375776527087595,-1.7865817120607967,-14.55152412698858,2026-01-12
2524,京城,建材營造業,41.65,-91.91056184063952,-45.67107312841404,4.358961336333098,2026-01-12
2527,宏璟,建材營造業,29.3,-31.552203968040217,-71.54898616771594,-70.36478623171419,2026-01-12
2528,皇普,建材營造業,31.0,-98.13234321025209,46696.93179184755,363939.17319735436,2026-01-12
2530,華建,建材營造業,30.2,-94.56520460712575,-25.19868253905712,-3.5496317965208113,2026-01-12
2534,宏盛,建材營造業,20.45,-88.23389776021136,201.96983805165578,309.6906730343539,2026-01-12
2535,達欣工,建材營造業,65.4,40.41669430441506,40.66716251606386,38.41346728750328,2025-12-10
2536,宏普,建材營造業,25.35,-33.32349069732399,145.62468932248817,123.57189958848242,2026-01-12
2537,聯上發,建材營造業,11.7,22.54259526392104,-11.626306585484164,-20.491057028837556,2026-01-12
2538,基泰,建材營造業,11.1,-60.0378464028818,-62.97521084859844,-65.50530802776782,2026-01-12
2539,櫻花建,建材營造業,48.2,180.24904373473433,71.22599507950322,97.43615401510063,2026-01-12
2540,愛山林,建材營造業,45.75,-39.91873508097663,-8.10893079151705,10.461063013090211,2026-01-12
2542,興富發,建材營造業,39.9,233.76310519076026,56.63987025368538,7.782488009885465,2026-01-12
2543,皇昌,建材營造業,63.4,22.219744742564362,1.846684738081623,-6.511354343101985,2026-01-12
2545,皇翔,建材營造業,39.7,-49.368001098525326,-46.723494496160264,-35.7395430167556,2025-12-10
2546,根基,建材營造業,89.3,31.68538681018984,44.87286951106595,47.18673737600479,2026-01-12
2547,日勝生,建材營造業,10.8,-19.036810488159674,-19.100571861398244,-19.997970951523794,2025-12-10
2548,華固,建材營造業,115.5,11586.986516149263,3903.9298316488644,1929.7943464307089,2026-01-12
2597,潤弘,建材營造業,179.5,39.73458779103838,23.48364941174964,18.722174176053706,2026-01-12
2601,益航,貿易百貨業,5.52,-10.68955602696553,-10.794906818323389,-10.947422474126762,2025-12-10
2603,長榮,航運業,193.5,-19.485246475758068,-15.524367136912,-11.14493366904403,2026-01-12
2605,新興,航運業,27.75,-3.2112762432436215,-6.959839866648235,-9.717743433687176,2025-12-10
2606,裕民,航運業,62.2,16.5332372719339,0.4115311012531026,-5.350321122870987,2026-01-12
2607,榮運,航運業,57.6,-16.08236545087045,-16.61186482215599,-15.056073364155866,2026-01-12
2608,嘉里大榮,航運業,33.0,3.2657313970304136,3.9180429339412712,4.399860423744188,2025-12-10
2609,陽明,航運業,56.2,-23.23993880528379,-22.577171302674177,-19.51589704423289,2026-01-12
2610,華航,航運業,20.45,3.558447212589777,3.736454975106634,4.51233345016891,2025-12-10
2611,志信,航運業,14.8,-5.330755021934886,-2.042993779650663,-0.5920055684509671,2026-01-12
2612,中航,航運業,60.8,6.677572907605378,6.809449980884641,8.442302338714812,2026-01-12
2613,中櫃,航運業,24.0,5.272112870436452,3.697827078057768,3.4343651090305087,2026-01-12
2614,東森,其他業,22.25,-4.2094320267714425,-4.178496348599421,-4.751635086600962,2025-12-10
2615,萬海,航運業,79.2,-16.054925942713126,-10.636672496678292,-5.939009331728907,2026-01-12
2616,山隆,油電燃氣業,13.35,-0.49942130109192906,-19.606466985197248,-27.36307955496261,2026-01-12
2617,台航,航運業,31.4,11.67651940142922,1.4293757976472357,-2.07372791109746,2026-01-12
2618,長榮航,航運業,36.55,1.0337426057057675,0.4452335953930871,0.641145942353849,2026-01-12
2630,亞航,航運業,53.4,-6.940002676597768,0.39181717945465316,1.166794128227646,2026-01-12
2633,台灣高鐵,航運業,28.0,2.048556761637732,2.7300479908859736,2.262038397055792,2026-01-12
2634,漢翔,航運業,53.1,9.1623463222398,-2.436133382943703,-6.633979081217113,2026-01-12
2636,台驊控股,航運業,67.1,-18.831336866332894,-15.531440223185138,-11.61912853720638,2026-01-12
2637,慧洋-KY,航運業,71.3,17.490792609755967,-8.200077969764378,-17.099856334177648,2026-01-12
2642,宅配通,航運業,25.75,-16.03563915777434,-8.297552518321938,-6.066153209166534,2026-01-12
2645,長榮航太,航運業,145.0,-4.673810707099646,9.583066919600462,13.756341941901544,2026-01-12
2646,星宇航空,航運業,23.35,614.3851165219146,901.6210880514143,901.6210880514143,2025-12-10
2701,萬企,觀光餐旅,11.0,6.490301564582213,-5.4967684699014585,-10.380152720082624,2026-01-12
2702,華園,觀光餐旅,11.9,4.9811079772231315,-0.3257119506684578,-1.5001941899200324,2026-01-12
2704,國賓,觀光餐旅,42.4,-3.2016585058927016,2.7224344131478673,3.6832787005815697,2026-01-12
2705,六福,觀光餐旅,16.5,-2.3650939257368497,-1.4806710693060134,-0.46741024365100453,2026-01-12
2706,第一店,觀光餐旅,12.85,1.983029541169068,2.3064083947991842,0.9624913820708872,2026-01-12
2707,晶華,觀光餐旅,191.0,2.3478302367963444,6.032640997382086,6.909191795371453,2026-01-12
2712,遠雄來,觀光餐旅,17.95,-21.38511808304333,27.396958553387446,41.34687658316543,2026-01-12
2722,夏都,觀光餐旅,25.2,-7.537090418639092,-9.380272876191986,-10.301216500670478,2026-01-12
2723,美食-KY,觀光餐旅,70.1,-14.590032831290845,-6.578541706224288,-3.502128777809227,2026-01-12
2727,王品,觀光餐旅,217.5,7.396496187805557,5.353943154415387,4.327398043423628,2026-01-12
2731,雄獅,觀光餐旅,171.0,9.334579930469978,8.244516326574763,8.181897517749285,2026-01-12
2739,寒舍,觀光餐旅,35.2,2.7923764498831716,2.0698846570974343,2.5571804745910804,2025-12-10
2748,雲品,觀光餐旅,42.4,-0.15050646035724702,-0.45745075417130315,0.07739211451642802,2025-12-10
2753,八方雲集,觀光餐旅,192.5,10.603088251421532,10.606124454308159,11.091630599727011,2025-12-10
2762,世界健身-KY,運動休閒,75.8,11.413532450498742,11.479194901464643,10.955880046648659,2026-01-12
2801,彰銀,銀行業,20.5,9.040376276942608,9.377733402489966,9.445306146301498,2026-01-12
2812,台中銀,銀行業,20.8,9.974428171835804,6.863927254677108,4.642616810783414,2026-01-12
2816,旺旺保,保險業,28.85,-0.34132164556723854,1.3525073904844698,1.2287432680992947,2026-01-12
2820,華票,銀行業,16.4,29.706052750159472,32.08624496804709,31.99551596949209,2026-01-12
2832,台產,保險業,50.1,-1.0762588424758857,-1.5333340984748256,-2.16849093925183,2025-12-10
2834,臺企銀,銀行業,16.15,4.153567274038172,3.3487826887769443,2.9133529828648137,2026-01-12
2836,高雄銀,銀行業,12.25,10.466106947950383,14.050651274758954,14.395071844774455,2026-01-12
2838,聯邦銀,銀行業,18.9,12.920006571838073,6.772533680295098,2.615615028294138,2026-01-12
2845,遠東銀,銀行業,12.85,-0.7075406422465402,-2.106745519715425,-3.4250240468851136,2025-12-10
2849,安泰銀,銀行業,13.35,14.260070782686029,5.948397792693526,2.76570726991822,2026-01-12
2850,新產,保險業,117.0,3.2275511405551294,3.170120857372789,2.8971355659180777,2025-12-10
2851,中再保,保險業,26.6,-1.1897098097547687,-3.538201007968226,-8.068118485187265,2025-12-10
2852,第一保,保險業,27.7,7.542594416629456,-0.0053194598978256735,-2.1229276018874086,2026-01-12
2855,統一證,證券業,26.5,57.28589979202334,18.82337333176314,-1.9592652664878425,2026-01-12
2867,三商壽,保險業,7.79,-30.92376095321362,-34.76903989792889,-45.77743634924007,2025-12-10
2880,華南金,金控業,31.85,10.243863156844357,6.139676139160429,4.2074315767941,2026-01-12
2881,富邦金,金控業,95.5,19.101273296811595,14.42805767490587,1.9846375182959932,2025-12-10
2882,國泰金,金控業,75.9,-2.8215058426050654,-6.703444052147467,-15.868238861818199,2025-12-10
2883,凱基金,金控業,17.45,5.60451089165821,-2.1822583616883424,-8.633546437339268,2025-12-10
2884,玉山金,金控業,32.85,14.992625607623754,18.00442029681749,16.917743365572317,2026-01-12
2885,元大金,金控業,40.8,5.494676746197569,3.958335611664449,0.43674330809469314,2025-12-10
2886,兆豐金,金控業,40.65,5.559041983718438,-0.36243209221654354,-3.385375183666086,2026-01-12
2887,台新新光金,金控業,20.85,49.059936462889354,34.42992972572248,22.632187185261653,2025-12-10
2889,國票金,金控業,16.75,21.433008449186698,9.036328070051328,0.7860129355195505,2026-01-12
2890,永豐金,金控業,29.2,15.848488547975581,14.779883888369516,12.160953080807237,2026-01-12
2891,中信金,金控業,49.7,29.78062957180836,27.886728482734156,22.910194559010023,2025-12-10
2892,第一金,金控業,29.7,14.94940374683047,9.871697046750468,7.337176925254245,2026-01-12
2897,王道銀行,銀行業,9.16,5.656174206474751,-0.3689698925460399,-3.40847672310819,2026-01-12
2901,欣欣,貿易百貨業,25.0,-0.23239184840900817,-2.3884151954024375,-3.4776049113279766,2026-01-12
2903,遠百,貿易百貨業,22.4,-2.489428021118778,-2.651990479171017,-3.2110112513258326,2025-12-10
2904,匯僑,其他業,17.05,-23.117777119281534,-6.5785662071098985,0.01872155546389938,2026-01-12
2905,三商,貿易百貨業,15.7,-12.033472892219631,-4.1304241751629975,-3.8321702716969313,2025-12-10
2906,高林,貿易百貨業,12.4,-0.6243737689517359,-1.3825849887152755,-2.057433576289531,2025-12-10
2908,特力,貿易百貨業,20.2,-5.46367294857072,-5.956319567149753,-6.112663204317744,2025-12-10
2910,統領,貿易百貨業,20.75,-26.390079145032008,-14.698597732257397,-12.81400852176723,2026-01-12
2911,麗嬰房,貿易百貨業,5.06,-29.394348325243204,-19.94390375982765,-16.635493645763283,2026-01-12
2912,統一超,貿易百貨業,221.0,3.878256004713343,3.883160141769055,4.214337583044699,2025-12-10
2913,農林,貿易百貨業,13.25,-13.312406363701223,4.612483702812256,12.862011097527407,2026-01-12
2915,潤泰全,貿易百貨業,52.2,1.2524347480033393,3.4963264690402784,4.757316960361719,2025-12-10
2923,鼎固-KY,建材營造業,19.85,-73.49235054407393,-74.99522348258765,-76.86392503686844,2025-12-10
2929,淘帝-KY,貿易百貨業,7.74,-31.75832659090403,-18.554554405523515,-12.54556855112655,2026-01-12
2939,永邑-KY,貿易百貨業,23.7,-40.026438656691234,-8.934789829165583,1.0613671672059926,2026-01-12
2945,三商家購,貿易百貨業,37.3,3.22495743948068,3.180739278932839,3.3406854730242226,2025-12-10
3002,歐格,電腦及週邊設備業,23.3,-6.294424261570053,9.960096012831817,10.645286529357337,2026-01-12
3003,健和興,電子零組件業,46.1,-2.493857502090313,-2.1088931105542117,-0.6372011601905905,2025-12-10
3004,豐達科,鋼鐵工業,111.0,19.608635623421677,16.266915121364644,14.322695153655276,2026-01-12
3005,神基,電腦及週邊設備業,116.5,10.63127754436939,10.462093521880723,10.298773362230408,2026-01-12
3006,晶豪科,半導體業,136.0,107.85971383184388,34.73022743561037,14.486450718744095,2026-01-12
3008,大立光,光電業,2530.0,-0.33623089250405247,3.393682882221315,7.090152234586422,2026-01-12
3010,華立,電子通路業,109.0,3.2113887807926345,0.3015092668874256,0.21994407571467556,2026-01-12
3011,今皓,電子零組件業,14.1,-37.64701706226188,-33.397552329686846,-30.01694993069606,2026-01-12
3013,晟銘電,電腦及週邊設備業,123.5,12.057594351960056,15.697177374455121,17.283026345264854,2026-01-12
3014,聯陽,半導體業,115.0,-0.8526657804729942,3.3795703791185314,6.92960492593694,2026-01-12
3015,全漢,電子零組件業,50.8,-9.482150097636211,7.197320090236514,12.684713570664561,2026-01-12
3016,嘉晶,半導體業,56.6,18.787810081314227,0.8862638756067073,-4.691846248175716,2026-01-12
3017,奇鋐,電腦及週邊設備業,1375.0,110.24228285983627,92.7142580097684,80.67120407722136,2026-01-12
3018,隆銘綠能,其他電子業,,-25.26379950971669,-17.514550035218548,-5.057570234175827,2025-12-10
3019,亞光,光電業,140.5,-1.8686159971282201,11.238435633432397,15.25477323246175,2026-01-12
3021,鴻名,電子零組件業,17.75,42.303261481746965,8.128337983092544,-1.2138048158076569,2026-01-12
3022,威強電,電腦及週邊設備業,65.1,16.85545312353589,2.6989195900297087,0.8363045448017656,2026-01-12
3023,信邦,電子零組件業,193.0,-0.8777939829732406,-2.9223047597053853,-2.6638105515574497,2026-01-12
3024,憶聲,光電業,11.1,-91.96208702750505,-9.188759040875007,34.52174060770599,2026-01-12
3025,星通,通信網路業,70.9,176.17381204115975,38.84005192028314,-2.0652453672199442,2026-01-12
3026,禾伸堂,電子零組件業,104.0,11.2918522466527,7.522745309616572,6.956109326307662,2026-01-12
3027,盛達,通信網路業,24.95,-55.83956434786739,-8.895634521290203,8.06957835653146,2026-01-12
3028,增你強,電子通路業,38.85,25.305992531254162,16.376016643353832,12.047303477404162,2026-01-12
3029,零壹,資訊服務業,112.5,-2.348717286035351,27.730139485312478,39.81332306353388,2026-01-12
3030,德律,其他電子業,173.0,37.44080828476819,28.76032591409898,26.9255499455786,2026-01-12
3031,佰鴻,光電業,19.4,3.4778672942880506,-0.903171034952348,-4.984283403155257,2026-01-12
3032,偉訓,電子零組件業,74.4,48.99541141355193,46.31395770518287,41.860398487571565,2026-01-12
3033,威健,電子通路業,31.05,-2.9510836518747308,15.995722357999618,22.02078270357664,2026-01-12
3034,聯詠,半導體業,380.0,-14.159777003961583,-5.233526855385254,-1.839542942161013,2026-01-12
3035,智原,半導體業,167.5,-13.09415909323912,41.33264516538649,63.82583363029743,2026-01-12
3036,文曄,電子通路業,146.5,2.9068946889839076,18.04168957222969,18.985520649882805,2026-01-12
3037,欣興,電子零組件業,225.5,26.884350946649604,17.184260683765178,15.35319986588754,2026-01-12
3038,全台,光電業,23.2,-19.37358768948686,-16.70430371556321,-15.909230939321064,2026-01-12
3040,遠見,其他業,52.8,-2.3310218063330224,-4.025611792901525,-3.4103726835399932,2026-01-12
3041,揚智,半導體業,24.75,132.7538205607799,27.937787033118525,-1.1417295296229781,2026-01-12
3042,晶技,電子零組件業,80.4,-1.2853671162334712,3.988886866362048,6.9328168306379645,2026-01-12
3043,科風,其他電子業,21.05,-45.730970600080546,-9.734693192693214,4.699204979273134,2026-01-12
3044,健鼎,電子零組件業,318.5,12.28348399427437,12.19413743431827,12.18661862630382,2026-01-12
3045,台灣大,通信網路業,107.5,-0.7157428232652752,-0.7601542795310298,-0.6333339345197438,2025-12-10
3046,建碁,電腦及週邊設備業,53.6,68.54042610635302,22.97417986385176,8.368017995683795,2026-01-12
3047,訊舟,通信網路業,17.9,-47.33660445786444,-43.29163832287724,-38.52664254454418,2026-01-12
3048,益登,電子通路業,41.95,-3.9500553426859097,1.445492213715238,4.998045749761011,2026-01-12
3049,精金,光電業,6.96,14.264217192300466,7.932348144856779,8.209211020055825,2026-01-12
3050,鈺德,光電業,13.2,27.36501124476447,9.029879933118469,4.399814771120632,2026-01-12
3051,力特,光電業,19.5,-18.485176596845598,-1.3551863161854303,5.745281536487386,2026-01-12
3052,夆典,建材營造業,11.85,12.437541927102735,11.20138541067269,10.18712904752744,2025-12-10
3054,立萬利,食品工業,30.65,-9.580958095809578,15.95009507251182,18.327155653525207,2026-01-12
3055,蔚華科,電子通路業,72.1,87.37950845834663,-0.8264212168963448,-24.16735231894444,2026-01-12
3056,富華新,建材營造業,18.1,-97.10535052372207,-22.599550839925186,1776.2170536837255,2026-01-12
3057,喬鼎,電腦及週邊設備業,21.25,-51.89168723356518,-10.52966243382328,-1.8281471106876808,2026-01-12
3058,立德,電子零組件業,9.49,-13.135858506808573,-4.931755410230872,-4.2286019224153995,2026-01-12
3059,華晶科,光電業,40.45,-7.243697168958585,11.286979967746644,15.296472272102612,2026-01-12
3060,銘異,電腦及週邊設備業,33.15,2.9891429640820144,8.717081496816197,10.942581368859054,2026-01-12
3062,建漢,通信網路業,23.25,-11.521860027378505,13.461461704491997,20.104061344021858,2026-01-12
3090,日電貿,電子零組件業,101.0,30.923963221207053,30.04966345609574,31.03468709376537,2026-01-12
3092,鴻碩,電子零組件業,27.6,-8.49186845956319,-13.33803612208227,-14.738140674160157,2026-01-12
3094,聯傑,半導體業,24.8,-24.873096446700504,1.843413127394116,8.709875520662205,2026-01-12
3130,一零四,數位雲端,223.0,8.0128829812115,7.464874441670907,7.698440259536702,2026-01-12
3135,凌航,半導體業,94.5,,,,2026-01-12
3138,耀登,通信網路業,124.5,30.53716595258873,8.664570106430679,1.4207267834335517,2026-01-12
3149,正達,光電業,41.4,26.22995073448362,11.264850683767035,6.248380801738544,2026-01-12
3150,鈺寶-創,半導體業,20.65,-23.937292734398554,17.99840265115335,41.625506987332486,2026-01-12
3164,景岳,生技醫療業,18.25,-14.06125750637528,1.994417281218265,3.980670342961744,2026-01-12
3167,大量,電機機械,220.5,61.01861766432939,90.95390936527282,108.61063121643038,2026-01-12
3168,眾福科,光電業,40.35,7.282132908873851,16.3787740366617,21.90163827088688,2026-01-12
3189,景碩,半導體業,168.5,25.23269587039305,27.08368671474855,26.422885056565885,2026-01-12
3209,全科,電子通路業,32.1,-1.2976538598926113,-1.8437837835091155,-1.0833134416091135,2025-12-10
3229,晟鈦,電子零組件業,22.7,53.22876734517574,23.400214519807264,14.42810481086292,2026-01-12
3231,緯創,電腦及週邊設備業,149.0,141.59454901807416,110.63198893233312,99.345551144794,2026-01-12
3257,虹冠電,半導體業,64.3,38.56551724137931,25.437286901097035,18.587850262560384,2026-01-12
3266,昇陽,建材營造業,14.2,-72.97510249312148,-66.93957363199291,-58.66177929128805,2026-01-12
3296,勝德,電子零組件業,23.5,-2.912409508651226,-0.2375534486772032,1.8398970024987715,2026-01-12
3305,昇貿,其他電子業,110.5,48.37452349338245,37.10098613160207,35.64418473945077,2026-01-12
3308,聯德,電子零組件業,21.05,147.19512195121953,-12.964115107655838,-53.677797365285194,2026-01-12
3311,閎暉,通信網路業,31.45,-14.54377298053281,-4.0759940481390595,0.34165819080088333,2026-01-12
3312,弘憶股,電子通路業,41.9,21.554821703245874,19.57404430486965,20.767724111136978,2026-01-12
3321,同泰,電子零組件業,19.0,-12.122369500291153,4.520053164568938,7.390494207190677,2026-01-12
3338,泰碩,電子零組件業,48.55,-15.453008501891341,-6.573781489955302,-3.591019167060639,2026-01-12
3346,麗清,汽車工業,18.9,-17.97021369103996,-12.001125476227719,-9.348678386316928,2026-01-12
3356,奇偶,光電業,46.55,-14.670160140856881,-14.071857755677255,-14.302675115031542,2025-12-10
3376,新日興,電子零組件業,228.5,-18.085987200668452,-17.414925758117093,-14.82670103724101,2026-01-12
3380,明泰,通信網路業,31.65,21.79841729067393,5.714260390435193,0.32359213868475106,2026-01-12
3406,玉晶光,光電業,456.0,81.49835191227868,27.548398682866914,12.75463355271507,2026-01-12
3413,京鼎,半導體業,277.0,3.5378080827813907,21.63283801042734,28.72824673443229,2026-01-12
3416,融程電,電腦及週邊設備業,148.5,27.749907487591898,20.408335520165227,18.80426134776243,2026-01-12
3419,譁裕,通信網路業,13.8,-17.38832480210344,11.010305807693138,18.71327023865707,2026-01-12
3432,台端,電子零組件業,14.0,324.79630037436687,257.7714334035896,243.667715820109,2026-01-12
3437,榮創,光電業,15.15,-33.81286821802909,-23.419751957446795,-20.719291198337167,2026-01-12
3443,創意,半導體業,2365.0,75.68457541560005,43.46776305996988,25.941216257674693,2026-01-12
3447,展達,通信網路業,48.0,9.003181284968797,35.65400384774302,46.24910066703197,2026-01-12
3450,聯鈞,半導體業,260.5,-3.9925664437731267,13.443092155946168,26.58431792152555,2026-01-12
3454,晶睿,光電業,98.8,-22.41891599594722,-3.0056105403878353,6.824009237907404,2026-01-12
3481,群創,光電業,20.0,19.2211097407861,8.690339460070119,6.205483219736607,2026-01-12
3494,誠研,電腦及週邊設備業,8.49,43.513681041353045,16.799018731757027,12.627022602065145,2026-01-12
3501,維熹,電子零組件業,48.25,-5.484320970913281,-5.337294912704233,-4.274704692746214,2025-12-10
3504,揚明光,光電業,51.1,0.286232727681468,2.4575166301284486,3.7521694131227665,2026-01-12
3515,華擎,電腦及週邊設備業,246.0,45.45242692087243,75.86100886856103,89.03439205320217,2026-01-12
3518,柏騰,其他電子業,21.7,8.53490508266994,-6.885009843688813,-11.111389038975128,2026-01-12
3528,安馳,電子通路業,67.3,130.59225969361478,84.68658068015598,67.34203736995643,2026-01-12
3530,晶相光,半導體業,76.3,65.75309873748034,19.855128664084454,6.640283423919837,2026-01-12
3532,台勝科,半導體業,110.5,-3.579016639292698,-4.311696868080458,-5.668742478136289,2025-12-10
3533,嘉澤,電子零組件業,1410.0,29.018666175147967,17.816358857163074,16.600225026073275,2026-01-12
3535,晶彩科,光電業,94.5,959.7489014438167,286.2318440261246,106.18002423677872,2026-01-12
3543,州巧,光電業,46.75,3.549387496601031,1.8007320060973164,2.3949663773197294,2026-01-12
3545,敦泰,半導體業,52.8,-29.82039692255999,-19.252076262381618,-13.864071444141482,2026-01-12
3550,聯穎,電子零組件業,15.15,0.5345569034529429,4.131758182348979,6.272379498956788,2026-01-12
3557,嘉威,居家生活,35.6,-9.395208816146749,-19.20524404511782,-20.633743973937943,2026-01-12
3563,牧德,光電業,509.0,6.979792258614159,95.0932807647374,140.8522107415611,2026-01-12
3576,聯合再生,光電業,9.07,-74.9763352870733,-44.734771732056764,-36.719643043630604,2026-01-12
3583,辛耘,半導體業,344.0,24.033575145277062,19.200345508320506,19.749218374814998,2026-01-12
3588,通嘉,半導體業,52.0,13.633427686696177,-1.2068960507145359,-3.855448942024223,2026-01-12
3591,艾笛森,光電業,18.3,-23.64510277313112,-11.45449823868799,-6.523588733466821,2026-01-12
3592,瑞鼎,半導體業,220.5,-5.496264504341342,-6.5445719704011,-6.1684415019325485,2026-01-12
3593,力銘,電子零組件業,13.0,25.070674006844218,32.509273142673045,39.92681575904504,2025-12-10
3596,智易,通信網路業,173.0,4.995372068248893,5.961819115423495,5.442474383498969,2026-01-12
3605,宏致,電子零組件業,59.9,0.04304995771879927,9.528969513019979,13.771806119947795,2026-01-12
3607,谷崧,電子零組件業,14.2,-16.739151213917037,-8.811180784704373,-2.8803676814420753,2026-01-12
3617,碩天,其他電子業,190.5,-6.7606951751112305,-4.636800047862216,-3.0300620460266994,2026-01-12
3622,洋華,光電業,68.4,63.28525290789442,19.89135335528329,5.359714478665463,2026-01-12
3645,達邁,電子零組件業,53.0,-3.5539570393497533,5.1307512980874534,8.774920086602185,2026-01-12
3652,精聯,電腦及週邊設備業,28.85,-11.142466580567245,-0.8688619033397055,0.848918829460569,2026-01-12
3653,健策,電子零組件業,2565.0,13.26717512864992,36.515784438218475,45.1991060919583,2026-01-12
3661,世芯-KY,半導體業,3570.0,-33.12002543025424,-30.36650315301813,-23.853774535847432,2025-12-10
3665,貿聯-KY,其他電子業,1425.0,43.05654022727767,34.775811117170974,31.844056970269847,2026-01-12
3669,圓展,通信網路業,39.8,53.512111083601546,13.424676885825477,3.2034309811628376,2026-01-12
3673,TPK-KY,光電業,41.1,-0.298797627473002,-7.111465700813632,-8.269454261234907,2026-01-12
3679,新至陞,電子零組件業,114.5,-19.319234488152414,1.246716882461179,9.719474506216258,2026-01-12
3686,達能,半導體業,18.0,62.13912032551831,18.280534065879973,6.024823841953289,2026-01-12
3694,海華,通信網路業,58.5,18.971373119844735,21.694205637541497,22.233257112127234,2026-01-12
3701,大眾控,電腦及週邊設備業,51.0,-23.23944788912278,-22.2352403674924,-19.4411917471744,2025-12-10
3702,大聯大,電子通路業,64.2,15.70673461839771,16.405942563306255,21.633680251452123,2025-12-10
3703,欣陸,建材營造業,23.05,-5.01501394806978,-5.270489332199783,-3.5710460537609165,2025-12-10
3704,合勤控,通信網路業,32.5,4.9808866223383985,7.24064133286767,9.190001638502512,2025-12-10
3705,永信,生技醫療業,57.4,-0.5945013444431768,3.4550699835283534,5.958385488607271,2026-01-12
3706,神達,電腦及週邊設備業,88.8,25.497607235008758,64.2627420554637,80.6347431075318,2026-01-12
3708,上緯投控,綠能環保,110.5,-89.93457438817815,-30.476571982406995,-13.121918355040622,2026-01-12
3711,日月光投控,半導體業,272.0,11.26536620744738,8.942080577244232,8.30184274783891,2026-01-12
3712,永崴投控,電腦及週邊設備業,24.9,-41.476393606949934,13.723852931403906,34.18306367908088,2026-01-12
3714,富采,光電業,34.95,0.03287237137452603,-5.8798118169165905,-6.980433121272938,2026-01-12
3715,定穎投控,電子零組件業,139.5,27.20390217181363,14.83094116631861,11.128719230551368,2026-01-12
3716,中化控股,生技醫療業,33.6,288.0003573981415,527.4312253326274,527.4312253326274,2025-12-10
3717,聯嘉投控,汽車工業,17.15,,,,2026-01-12
4104,佳醫,生技醫療業,79.2,0.5993329773454015,2.483759941427984,3.3041522089916966,2026-01-12
4106,雃博,生技醫療業,22.2,-0.013774878533456825,-0.18477387536689718,-1.9923903581511349,2025-12-10
4108,懷特,生技醫療業,14.0,-38.52259725400457,-20.13749161288267,-18.439095613973635,2026-01-12
4119,旭富,生技醫療業,51.2,94.5323925593329,20.632886092591423,5.592065718914845,2026-01-12
4133,亞諾法,生技醫療業,23.25,-0.44076652096962654,0.06901842349204361,1.152133322698227,2025-12-10
4137,麗豐-KY,生技醫療業,102.5,10.899083618064598,-1.1039554997121168,-5.755945691271722,2026-01-12
4142,國光生,生技醫療業,19.95,215.13811906738772,60.15302825945131,13.5545509413844,2026-01-12
4148,全宇生技-KY,生技醫療業,37.75,12.519327606022767,19.718781210458378,22.29681418342753,2026-01-12
4155,訊映,生技醫療業,14.65,-40.5510269026462,-12.639137457351353,-3.247271573788364,2026-01-12
4164,承業醫,生技醫療業,36.3,26.567475572974896,25.75554981206213,27.434137712422423,2025-12-10
4190,佐登-KY,生技醫療業,29.8,-4.352798762676924,-4.742853198647194,-5.653814851346699,2025-12-10
4306,炎洲,塑膠工業,14.25,11.940159293324637,-9.064467708837457,-16.485566634726627,2026-01-12
4414,如興,紡織纖維,10.9,1.1318641993430134,1.2083966876388574,4.111482693243162,2025-12-10
4426,利勤,紡織纖維,9.16,8.26609466446957,-4.200501487730752,-8.034004274109241,2026-01-12
4438,廣越,紡織纖維,73.4,9.676389054176093,16.029836703958775,14.7256089573347,2026-01-12
4439,冠星-KY,紡織纖維,103.0,9.473399985052788,22.661671314839282,24.860428332218714,2026-01-12
4440,宜新實業,紡織纖維,17.2,13.537360399827225,1.1652044727693447,-3.5876415262210677,2026-01-12
4441,振大環球,紡織纖維,245.0,,,,2026-01-12
4526,東台,電機機械,31.2,-5.507936678464631,-2.5637555000090053,-0.5984021370035251,2025-12-10
4532,瑞智,電機機械,24.75,-9.676221188559476,-5.21182060106018,-0.9633391059626684,2026-01-12
4536,拓凱,運動休閒,162.0,-25.76975954354028,-6.941516180413033,2.1228872054097407,2026-01-12
4540,全球傳動,電機機械,35.85,-5.924943558775054,10.194789748688422,10.684288163740975,2026-01-12
4545,銘鈺,電子零組件業,37.95,-1.7165654217232595,0.5030945661785178,1.7402055807740515,2026-01-12
4551,智伸科,汽車工業,117.5,19.159022397977377,8.053064524216538,7.115832901240623,2026-01-12
4552,力達-KY,電機機械,23.7,-11.396035050966969,-9.927683412986566,-8.847783557171702,2026-01-12
4555,氣立,電機機械,39.1,5.226246448685745,7.407501985876496,8.5589930429341,2026-01-12
4557,永新-KY,汽車工業,78.8,-16.516254389079577,-0.6489594187046196,9.143424190437086,2026-01-12
4560,強信-KY,電機機械,32.45,-0.22711033989997187,6.832850009367111,9.97269317677895,2026-01-12
4562,穎漢,電機機械,36.6,-35.294882401607374,-11.695868261538374,-2.2689114942130666,2026-01-12
4564,元翎,電機機械,17.2,-24.20448765048324,-4.289437781148892,5.246061852515559,2026-01-12
4566,時碩工業,電機機械,56.0,6.94868494638905,5.361372655220348,5.4216242591188655,2026-01-12
4569,六方科-KY,汽車工業,147.0,24.766714238665056,25.659499546404408,27.761881190685354,2026-01-12
4571,鈞興-KY,電機機械,164.5,-10.764319475052975,-1.316341561113257,1.4725370883923763,2026-01-12
4572,駐龍,電機機械,151.0,-8.770498915401303,-18.89227689742562,-20.7324370609014,2026-01-12
4576,大銀微系統,電機機械,109.0,18.36892052194543,19.936585496970057,20.552557946532247,2026-01-12
4581,光隆精密-KY,汽車工業,,18.9627818668886,4.829961703681174,2.035398247512449,2026-01-12
4583,台灣精銳,電機機械,692.0,5.448535713982627,2.8796818768230517,2.7510247536823225,2026-01-12
4585,達明,其他電子業,336.0,,,,2026-01-12
4588,玖鼎電力,其他電子業,60.2,18.071398709985665,-0.06099589633253899,-3.5141394326465587,2026-01-12
4720,德淵,化學工業,17.6,-7.126280687459452,-2.2899807716985014,-0.2701018698844038,2026-01-12
4722,國精化,化學工業,168.0,-24.318883264140943,-11.097998853951879,-7.569254355985268,2026-01-12
4736,泰博,生技醫療業,123.5,6.27756864135478,-3.7460928247342316,-4.314272082933486,2026-01-12
4737,華廣,生技醫療業,55.2,12.792972173339967,-0.12882573684598597,-1.7614349318109976,2026-01-12
4739,康普,化學工業,68.1,98.12615465822117,57.65123327041895,38.581667598864634,2026-01-12
4746,台耀,生技醫療業,59.6,-2.3713341280420352,2.303485753237243,3.5207157084689746,2026-01-12
4755,三福化,化學工業,112.0,-1.2571966542347157,-4.439433075870569,-3.5993654683744243,2026-01-12
4763,材料*-KY,化學工業,52.4,-24.64587545283813,-14.992752474550757,-6.450560274266814,2026-01-12
4764,雙鍵,化學工業,131.0,-8.879437145352098,2.679188398333988,7.114250199839476,2026-01-12
4766,南寶,化學工業,324.0,0.39076987227935067,1.5722849804424046,2.733673510371252,2026-01-12
4770,上品,化學工業,244.5,-8.488335156884197,-18.9426291446886,-19.66479170600119,2026-01-12
4771,望隼,生技醫療業,178.0,29.167452597163468,36.042785969489806,42.400130496264616,2026-01-12
4807,日成-KY,貿易百貨業,18.45,20.498608633606842,26.178586955300286,33.28089126187561,2025-12-10
4904,遠傳,通信網路業,89.6,5.4855372298737715,4.877479504486367,4.016536563565776,2025-12-10
4906,正文,通信網路業,26.3,-34.35800647197208,-33.21600006663676,-32.04026565703617,2026-01-12
4912,聯德控股-KY,電子零組件業,91.6,3.0088277247195316,9.00186276436103,8.004642221200843,2026-01-12
4915,致伸,電子零組件業,79.4,21.83218321582061,8.54219383335763,4.626617681894814,2026-01-12
4916,事欣科,電腦及週邊設備業,58.2,-1.7534944820712939,-4.931581201646736,-8.078201815963784,2025-12-10
4919,新唐,半導體業,53.0,-4.512325859806577,-4.694639499565123,-4.850971409013575,2026-01-12
4927,泰鼎-KY,電子零組件業,38.5,-9.807417444455336,-7.240340647274272,-5.820920801361779,2026-01-12
4930,燦星網,電器電纜,22.0,-34.7860915884715,-25.70281247678344,-22.942920224108104,2026-01-12
4934,太極,光電業,14.05,33.72836426009669,-41.20881345020413,-62.46563389069663,2026-01-12
4935,茂林-KY,光電業,40.3,-28.791176597303004,-21.68884907989073,-17.40346624994135,2026-01-12
4938,和碩,電腦及週邊設備業,69.4,-2.4911192481026023,0.17019991799254872,1.5842664104410684,2026-01-12
4942,嘉彰,光電業,39.7,2.98530213132433,5.287764664740606,4.076631201706152,2026-01-12
4943,康控-KY,電子零組件業,12.35,17.75199909899763,10.919864670855205,6.777612941729809,2026-01-12
4949,有成精密,光電業,36.85,5.79256317374417,36.62949242614315,58.21244000288507,2026-01-12
4952,凌通,半導體業,36.15,3.700495913948454,-8.634509175307322,-11.817145662949406,2026-01-12
4956,光鋐,光電業,20.15,-8.936496872049627,2.056081850949227,5.526033154174357,2026-01-12
4958,臻鼎-KY,電子零組件業,144.5,22.703775421935823,11.258704203238068,11.221747701538737,2026-01-12
4960,誠美材,光電業,13.3,3.9468545372469688,-0.6587249584960603,-2.250995911161184,2026-01-12
4961,天鈺,半導體業,147.0,-20.18724595188912,-7.314894320809245,-0.20453855351121142,2026-01-12
4967,十銓,半導體業,201.5,211.27621530532173,59.90678469879047,19.551215145769557,2026-01-12
4968,立積,半導體業,124.0,4.6654084079444935,2.6986177176561945,1.3352111686213515,2026-01-12
4976,佳凌,光電業,29.9,-17.638719681027805,-10.386241562327596,-8.364322547203018,2026-01-12
4977,眾達-KY,通信網路業,127.5,6.773629779967871,13.973403769459557,31.169304209685098,2025-12-10
4989,榮科,電子零組件業,50.3,83.54062756487153,15.161462023196734,-5.872021726551343,2026-01-12
4994,傳奇,資訊服務業,101.5,2.3632699785243183,-17.340347910663393,-21.657140477064203,2026-01-12
4999,鑫禾,電子零組件業,24.0,14.42556723851689,4.237474244821512,2.121370001848246,2026-01-12
5007,三星,鋼鐵工業,55.8,-9.341718722233527,-9.818420141201585,-9.529612466377921,2025-12-10
5203,訊連,資訊服務業,88.2,17.466299785986262,17.71471014618603,16.48151760021476,2026-01-12
5215,科嘉-KY,電腦及週邊設備業,34.9,-3.878873013801043,-3.3108857878188185,-3.5244591311526263,2025-12-10
5222,全訊,半導體業,129.0,-30.633651901256474,-26.233519190611286,-25.395167508775543,2026-01-12
5225,東科-KY,其他電子業,100.5,-22.088138272472293,-12.776766746584677,-9.712350321436846,2026-01-12
5234,達興材料,光電業,365.0,10.100678310099887,12.502243376638441,13.324827715150734,2026-01-12
5243,乙盛-KY,光電業,78.9,-17.165117155813302,-8.528232830985806,-3.3297728127943507,2026-01-12
5244,弘凱,光電業,38.35,-3.9527081867864244,-4.03472631165502,-4.471526090774663,2026-01-12
5258,虹堡,電腦及週邊設備業,62.9,-0.15521245389462646,-1.1738582402510134,-1.9523715781889255,2025-12-10
5269,祥碩,半導體業,1400.0,79.69397553627363,65.29546842374698,55.91664259584028,2026-01-12
5283,禾聯碩,電器電纜,58.9,0.3936729278479545,0.30333074150631995,2.099731237952429,2025-12-10
5284,jpp-KY,其他業,274.5,65.94425631674916,59.13384317257296,57.310403924277644,2026-01-12
5285,界霖,半導體業,49.7,6.820890931113377,6.073361072127096,6.750835722759834,2026-01-12
5288,豐祥-KY,電機機械,146.0,-1.99697550505743,-3.978322426929075,-4.75054557887802,2026-01-12
5292,華懋,綠能環保,174.0,28.176082275486692,27.637313312009013,32.51855401491092,2026-01-12
5306,桂盟,運動休閒,88.9,-10.552263958704543,-5.386708235777647,-2.5701175339306244,2026-01-12
5388,中磊,通信網路業,78.5,17.152827347931087,1.0552939667060006,-5.666321515369103,2026-01-12
5434,崇越,電子通路業,302.5,18.887908289267518,19.956951142151706,22.735904742663834,2026-01-12
5469,瀚宇博,電子零組件業,95.4,54.18236276510466,40.36639076937234,35.5733610279604,2026-01-12
5471,松翰,半導體業,33.0,-5.48766615122992,-2.32011906799109,-1.1102649458564373,2026-01-12
5484,慧友,光電業,40.2,471.57586076428305,150.69827951344442,64.21061629122501,2026-01-12
5515,建國,建材營造業,39.8,30.24863632392334,32.89351103638564,34.45015893563493,2025-12-10
5519,隆大,建材營造業,33.35,-57.60641720472298,-18.628879233457933,-9.160499377618818,2026-01-12
5521,工信,建材營造業,24.25,30.41945308781646,33.52995724341781,41.5455010993251,2025-12-10
5522,遠雄,建材營造業,75.3,407.91538508133726,123.93012705368237,28.770289299846354,2026-01-12
5525,順天,建材營造業,27.95,2402.4156316550343,743.1858092338085,328.93527322778795,2026-01-12
5531,鄉林,建材營造業,9.04,-98.46648884539808,43.17740907010832,181.82107181234983,2026-01-12
5533,皇鼎,建材營造業,14.25,46.23531973207311,-17.564217271059103,-20.18687052263881,2026-01-12
5534,長虹,建材營造業,86.0,422.43466734641856,115.7254543468889,38.63771058303034,2026-01-12
5538,東明-KY,鋼鐵工業,32.9,4.4303760876477805,3.869207428050261,5.326617073057453,2026-01-12
5546,永固-KY,建材營造業,23.0,-27.5059887580125,-25.4741595757159,-23.770314705998327,2025-12-10
5607,遠雄港,航運業,48.7,29.567021000777814,22.078566569607403,19.415809831663967,2026-01-12
5608,四維航,航運業,17.9,-7.9388592054025375,-7.184326881940435,-6.3674442122695245,2026-01-12
5706,鳳凰,觀光餐旅,50.8,2.5801888162767295,5.410588700611989,8.417455536993183,2025-12-10
5871,中租-KY,其他業,105.0,-4.3960406813092545,-4.310251056600725,-3.8215998258626827,2025-12-10
5876,上海商銀,銀行業,40.6,-15.65682968009826,-0.9590116042360783,2.386354255527291,2026-01-12
5880,合庫金,金控業,24.1,31.95795883574606,16.779921062579096,11.704087236484545,2026-01-12
5906,台南-KY,貿易百貨業,51.5,-7.304513336635987,-8.673103259765979,-10.196288128806275,2026-01-12
5907,大洋-KY,貿易百貨業,5.55,-26.403195370964493,-18.86486941230936,-16.998048894136684,2026-01-12
6005,群益證,證券業,26.8,38.86362395824057,18.759181711397705,10.831628136222022,2026-01-12
6024,群益期,證券業,52.2,-22.945413477224243,1.3190066396264772,8.921826807996625,2026-01-12
6108,競國,電子零組件業,14.35,-11.587159022297788,-16.94058034981574,-20.437895824593244,2026-01-12
6112,邁達特,資訊服務業,46.8,11.844282316476363,16.35188325373097,16.783271882900447,2026-01-12
6115,鎰勝,電子零組件業,46.75,9.526670358931998,4.773181526708817,3.366395013247287,2026-01-12
6116,彩晶,光電業,10.5,-4.08840828135959,9.270735620339066,15.267921408025176,2026-01-12
6117,迎廣,電腦及週邊設備業,82.2,8.460442901217169,11.399310465336441,11.578094241368055,2026-01-12
6120,達運,光電業,12.45,-6.051787412382681,-13.908916297364227,-15.847873945825393,2026-01-12
6128,上福,電腦及週邊設備業,22.05,-1.5804661904885053,-3.3020520196834773,-3.1801615625513198,2026-01-12
6133,金橋,電子零組件業,20.3,40.56704228742858,23.44862968542166,18.247268382342273,2026-01-12
6136,富爾特,通信網路業,24.0,25.534992343190833,26.111977246791355,23.03164983084299,2025-12-10
6139,亞翔,其他電子業,601.0,165.14613756566504,53.44641400056549,16.396323105963862,2026-01-12
6141,柏承,電子零組件業,12.1,-23.008058498606275,-25.034278922352343,-27.302549551127573,2025-12-10
6142,友勁,通信網路業,9.05,13.905083680364584,44.52788904936185,62.86711633952023,2026-01-12
6152,百一,通信網路業,10.25,-6.857130110363208,-22.85523077500159,-28.678611876959916,2026-01-12
6153,嘉聯益,電子零組件業,15.1,-20.262494668682873,-23.993305153637895,-24.98328833674199,2026-01-12
6155,鈞寶,電子零組件業,48.0,21.034769802138698,14.180807746463449,13.924697504036379,2026-01-12
6164,華興,光電業,11.85,-28.593723800802263,-14.110990385835132,-9.99392120453268,2026-01-12
6165,浪凡,數位雲端,46.75,12.487658706561833,12.425538801985482,11.042648875692647,2025-12-10
6166,凌華,電腦及週邊設備業,60.5,-25.212886099666353,4.886515264907465,12.074991578028055,2026-01-12
6168,宏齊,光電業,19.8,9.646805140525894,5.658565782844243,4.2563831284450835,2026-01-12
6176,瑞儀,光電業,123.0,-12.55496431173324,-4.304546552911872,1.0612474342650644,2026-01-12
6177,達麗,建材營造業,54.2,1398.0339182925827,413.4473624396414,168.10996618985726,2026-01-12
6183,關貿,資訊服務業,95.2,7.9100877487140675,8.699727123030934,9.302328773387266,2025-12-10
6184,大豐電,其他業,47.3,1.983681739452492,2.0477468954076095,2.1904188059357823,2026-01-12
6189,豐藝,電子通路業,44.35,-20.532558684373015,-21.211036257094932,-21.676591908245744,2025-12-10
6191,精成科,電子零組件業,114.0,90.74383077149082,60.90242945317587,49.40595478478185,2026-01-12
6192,巨路,其他電子業,110.5,38.42623104743985,6.832596144582212,0.9919596570665092,2026-01-12
6196,帆宣,其他電子業,276.0,-5.186975448999609,-12.354956286840087,-14.317463729263734,2026-01-12
6197,佳必琪,電子零組件業,148.5,14.273351959238557,13.198295424168904,12.696238525829543,2026-01-12
6201,亞弘電,其他電子業,55.4,-29.137099818355473,-5.758061345497677,3.2440623307583665,2026-01-12
6202,盛群,半導體業,38.4,-6.989601216897801,16.23332476729019,26.15530833338292,2026-01-12
6205,詮欣,電子零組件業,60.2,-5.083092845059212,-3.898541195922865,-3.535668836744962,2026-01-12
6206,飛捷,電腦及週邊設備業,91.3,-16.020165537365738,6.805807641173462,15.196683657478145,2026-01-12
6209,今國光,光電業,59.0,74.37328161299261,54.813412855648856,43.822150582579376,2026-01-12
6213,聯茂,電子零組件業,114.5,30.160630353130614,17.55104550780653,15.248395366821441,2026-01-12
6214,精誠,資訊服務業,116.5,23.60796297411214,14.1677792244772,9.982847715514557,2026-01-12
6215,和椿,其他電子業,104.0,42.41522158960145,56.27006660356392,65.79400412511782,2026-01-12
6216,居易,通信網路業,26.3,-5.770624238780197,-25.504106354595336,-30.88606426470069,2026-01-12
6224,聚鼎,電子零組件業,42.95,-24.485002617996855,-7.077175225653403,0.33282505536613866,2026-01-12
6225,天瀚,光電業,16.45,25.426501519046507,-1.3482979419506098,-13.532864758201086,2026-01-12
6226,光鼎,光電業,7.45,-3.7303256383372063,-2.9665087508764056,-2.140497240311215,2025-12-10
6230,尼得科超眾,電腦及週邊設備業,112.5,22.76325756572499,14.870558566195903,13.563472657740894,2026-01-12
6235,華孚,電腦及週邊設備業,62.6,49.20518288858222,21.12125335918604,9.968247120429501,2026-01-12
6239,力成,半導體業,200.0,30.520261551082207,8.559120147731273,0.3012550690667754,2026-01-12
6243,迅杰,半導體業,35.2,-33.9661865077175,-18.301624082353815,-12.084679340811176,2026-01-12
6257,矽格,半導體業,117.5,11.869668140604773,9.34185688428144,9.281570364470886,2026-01-12
6269,台郡,電子零組件業,56.6,-3.335152363959737,-12.796662814835218,-17.36556816812168,2026-01-12
6271,同欣電,半導體業,123.0,-5.424452222265419,-5.132909927084927,-5.192277103866909,2026-01-12
6277,宏正,電腦及週邊設備業,60.8,6.169431923812185,1.163196907661553,-0.3380213506685304,2026-01-12
6278,台表科,光電業,96.0,0.17141953037260738,7.2429168923484495,9.012108082808863,2026-01-12
6281,全國電,電子通路業,62.6,-10.893359927240764,-6.195541681892794,-5.072887703383506,2026-01-12
6282,康舒,電子零組件業,45.55,5.907799550421777,1.0757265457043361,-1.214311559853661,2026-01-12
6283,淳安,其他電子業,24.5,-18.67738525192789,11.547216482199778,23.171835374857594,2026-01-12
6285,啟碁,通信網路業,103.5,-2.718569960029582,-0.5312951010945276,-0.36802213926671046,2026-01-12
6405,悅城,光電業,29.85,-88.0,-95.58229493011652,-97.48572040937343,2026-01-12
6409,旭隼,其他電子業,1025.0,-0.19431311529369832,-6.347394115482072,-7.257478526076589,2026-01-12
6412,群電,電子零組件業,81.2,-14.902215210695202,-7.719814767101897,-3.265048357263563,2026-01-12
6414,樺漢,電腦及週邊設備業,288.0,0.43308500485874646,-1.1829998610603076,-0.8617583457558347,2026-01-12
6415,矽力*-KY,半導體業,236.5,3.395724629191843,4.072583620180023,4.265806163740748,2026-01-12
6416,瑞祺電通,通信網路業,87.2,13.075889896188775,6.525119962561836,6.867373096413902,2026-01-12
6423,億而得-創,半導體業,80.7,-51.03338632750398,17.966757671271928,43.25068856006565,2026-01-12
6426,統新,通信網路業,89.1,26.625697114083067,40.85628292617404,41.90758869096939,2026-01-12
6431,光麗-KY,生技醫療業,27.5,7.8807040325198585,8.525324486248856,19.60811185383643,2025-12-10
6438,迅得,其他電子業,137.0,36.32595357386519,27.13286559484385,24.782700187705927,2026-01-12
6442,光聖,通信網路業,1400.0,-12.915443863702315,66.28080392833009,94.7789018908818,2026-01-12
6443,元晶,光電業,31.65,-46.597125047703855,-56.25457691937307,-58.89076523641655,2026-01-12
6446,藥華藥,生技醫療業,512.0,64.00135723614886,61.92763308116516,63.79087345187636,2026-01-12
6449,鈺邦,電子零組件業,168.5,27.976681609263853,28.49938477346167,29.762223363003837,2026-01-12
6451,訊芯-KY,半導體業,153.0,-5.925454726728652,32.72710809182558,47.1526886526004,2026-01-12
6456,GIS-KY,光電業,41.85,-15.020361000353477,-3.9971448856879284,2.742038397333045,2026-01-12
6464,台數科,其他業,77.0,2.527796608492139,2.6749692703538517,2.9859145029704197,2026-01-12
6472,保瑞,生技醫療業,517.0,-16.557750553226036,2.0675432733711445,12.615724545962175,2026-01-12
6477,安集,光電業,35.0,-16.10718888867514,-8.40004292718846,-10.079660190407038,2026-01-12
6491,晶碩,生技醫療業,288.0,0.7835547060863313,2.8953772566799523,2.2836235255279447,2026-01-12
6504,南六,其他業,41.65,-11.9994217605485,-2.67563388193367,1.2819201833837133,2026-01-12
6505,台塑化,油電燃氣業,47.6,-6.250213503329027,-6.195950666078531,-6.416705647867912,2025-12-10
6515,穎崴,半導體業,3490.0,103.78771408556177,56.925528433570776,51.97643982515047,2026-01-12
6525,捷敏-KY,半導體業,75.5,7.991607858096517,12.621534501353638,14.218648196241576,2026-01-12
6526,達發,半導體業,436.5,-4.389493891194318,7.953631895587118,14.155577629363743,2026-01-12
6531,愛普*,半導體業,480.0,76.75450135567941,42.022015556325215,33.17757200970993,2026-01-12
6533,晶心科,半導體業,247.0,29.005370651985608,11.852333144613768,8.786434775438165,2026-01-12
6534,正瀚-創,生技醫療業,90.0,13.70409733112352,13.861805655890317,12.238467231783048,2026-01-12
6541,泰福-KY,生技醫療業,52.7,3933.6673346693387,1863.663646943507,1130.6680012029074,2026-01-12
6550,北極星藥業-KY,生技醫療業,30.4,-40.720961281708945,-52.09667914207984,-54.82633584114376,2026-01-12
6552,易華電,半導體業,25.6,-38.993690424784575,-28.27378808140121,-25.52200036093224,2026-01-12
6558,興能高,其他電子業,36.4,-16.914457476053236,-8.604954988901342,-4.064572926931876,2026-01-12
6573,虹揚-KY,半導體業,14.9,-8.973694038683067,-9.384903489828716,-9.267477751431471,2025-12-10
6579,研揚,電腦及週邊設備業,111.5,30.818320463726966,19.827495869113115,14.565293835967244,2026-01-12
6581,鋼聯,綠能環保,105.0,73.43616164051545,16.293393009593014,5.5460826831286845,2026-01-12
6582,申豐,橡膠工業,31.75,-66.78899596593456,-50.49368629220418,-39.49982980870267,2026-01-12
6585,鼎基,其他業,88.4,-2.458530904807643,-9.233868363214677,-10.915106208133977,2026-01-12
6589,台康生技,生技醫療業,63.1,14.003367514326381,3.807636463949359,-0.8061054111676551,2026-01-12
6591,動力-KY,電腦及週邊設備業,73.7,22.597381458610965,29.726063639768654,31.912133343937125,2026-01-12
6592,和潤企業,其他業,60.9,-8.904873761832267,-15.791928439108716,-18.541506631745353,2026-01-12
6598,ABC-KY,生技醫療業,23.15,134.66270865599722,60.95165660550803,41.95504516224086,2026-01-12
6605,帝寶,汽車工業,141.0,-2.4475541827200686,-2.332893970083036,-0.9406254544870096,2025-12-10
6606,建德工業,電機機械,25.2,12.833213537923061,15.259179637169666,13.526070073254536,2026-01-12
6625,必應,其他業,81.8,29.458613262013245,33.27255026810443,38.38155239004785,2025-12-10
6641,基士德-KY,綠能環保,19.45,-7.224148637435224,-5.789654497234642,-6.345000170151419,2026-01-12
6645,金萬林-創,生技醫療業,18.35,1.5165251792631729,8.098007300574498,9.53696739735417,2026-01-12
6655,科定,其他業,118.0,11.435310636512686,5.429662126819472,3.1481964822641344,2026-01-12
6657,華安,生技醫療業,41.85,86.83333333333334,26.06057454300357,10.592021633139764,2026-01-12
6658,聯策,其他電子業,55.6,10.373676248108922,28.039914176664364,35.57435810534508,2026-01-12
6666,羅麗芬-KY,生技醫療業,45.3,13.552025981762794,2.518526369963239,0.17674623919120544,2026-01-12
6668,中揚光,光電業,39.05,43.40872135994087,25.734134895435744,19.733502704511462,2026-01-12
6669,緯穎,電腦及週邊設備業,4240.0,143.85803786278345,156.84600143292892,160.46405611925158,2026-01-12
6670,復盛應用,運動休閒,263.0,2.5160330099250006,6.1211178741418095,9.329570570771638,2026-01-12
6671,三能-KY,居家生活,36.75,5.9767048567277214,1.5660697143350373,1.1033714504239178,2026-01-12
6672,騰輝電子-KY,電子零組件業,91.0,10.312029836808346,3.0092986115063325,0.4666840895667826,2026-01-12
6674,鋐寶科技,通信網路業,19.95,-40.813179791357015,-33.91370249117257,-27.97506968610173,2026-01-12
6689,伊雲谷,數位雲端,60.3,-15.545343211553153,-3.021598237741257,2.062882969193771,2026-01-12
6691,洋基工程,其他電子業,583.0,68.24182145722632,55.86403685567863,56.607860104462155,2026-01-12
6695,芯鼎,半導體業,43.85,-22.126475209789042,4.1221375444539,14.370586543833276,2026-01-12
6698,旭暉應材,其他電子業,33.6,12.223220643586185,22.97753291620121,20.623008416711734,2026-01-12
6706,惠特,光電業,120.5,-68.15640810065342,-9.868548295068662,22.709142652411476,2026-01-12
6715,嘉基,電子零組件業,105.5,3.4965688421667362,-17.56681542316924,-21.269451453501667,2026-01-12
6719,力智,半導體業,181.5,13.58114408396629,19.59334224301931,20.297649374711998,2026-01-12
6742,澤米,光電業,45.55,-29.623818303063587,-20.450060755821422,-14.108547369475579,2026-01-12
6743,安普新,其他電子業,27.45,-3.862935181221383,-13.510969166718446,-16.246553119265695,2026-01-12
6753,龍德造船,航運業,134.0,11.462255711676317,11.947366433866401,11.122793413720684,2025-12-10
6754,匯僑設計,居家生活,47.65,-26.853283114168768,-29.892573428572565,-30.251044311821563,2026-01-12
6756,威鋒電子,半導體業,80.7,7.342382554688265,-5.139030811434506,-9.260398454375688,2026-01-12
6757,台灣虎航,航運業,66.7,2.761587216931294,2.0118845078822924,2.09347020955429,2025-12-10
6768,志強-KY,運動休閒,104.0,-6.338224572974715,6.553277338999027,12.291142296284512,2026-01-12
6770,力積電,半導體業,47.5,21.923852960789823,9.046685616350299,5.538826753772878,2026-01-12
6771,平和環保-創,綠能環保,43.8,48.14123466309952,59.043013874241545,85.60760985249584,2025-12-10
6776,展碁國際,電子通路業,59.5,20.966319137212807,17.439678175111155,18.188907745038833,2026-01-12
6781,AES-KY,電子零組件業,1270.0,29.58780644971086,51.51673153199918,58.196101448065434,2026-01-12
6782,視陽,生技醫療業,178.0,37.056586893312456,19.532337911345163,15.980420629261637,2026-01-12
6789,采鈺,半導體業,277.0,-17.49403451945668,-10.311612923413067,-6.986613205636577,2026-01-12
6790,永豐實,造紙工業,38.35,-0.778538110534932,-0.3994099424207809,1.09876157525168,2025-12-10
6792,詠業,通信網路業,50.4,0.7935280471120132,5.564392770703248,7.521465640569111,2026-01-12
6794,向榮生技,生技醫療業,86.0,-65.23463317911434,11.555971855066659,93.55072939679756,2026-01-12
6796,晉弘,生技醫療業,91.3,46.872943832601436,47.25146613417119,47.0066508126416,2025-12-10
6799,來頡,半導體業,83.8,17.43605288988972,8.205619130269774,5.826313921248956,2026-01-12
6805,富世達,電子零組件業,1365.0,39.34496248647659,48.221776348928664,50.244231323312015,2026-01-12
6806,森崴能源,綠能環保,38.85,-53.26853212564284,24.971728178428,54.70734106913574,2026-01-12
6807,峰源-KY,居家生活,45.35,-22.597680288487442,-13.864450781322509,-9.00243807289947,2026-01-12
6830,汎銓,其他電子業,184.5,22.11576412444729,13.319319522472739,10.469984036393221,2026-01-12
6834,天二科技,電子零組件業,29.85,2.414442254071436,12.808061691405184,17.606766010972702,2026-01-12
6835,圓裕,電子零組件業,38.95,-12.893667907683815,-3.592812245468044,0.521139177112806,2026-01-12
6838,台新藥,生技醫療業,27.15,inf,-29.275739704235818,-4.623706460259064,2026-01-12
6854,錼創科技-KY創,半導體業,126.0,-3.6177742823436887,-12.39127005977529,-7.348878818572609,2026-01-12
6861,睿生光電,生技醫療業,65.4,6.105451575513632,12.996228601284377,13.115599625297639,2026-01-12
6862,三集瑞-KY,電子零組件業,165.5,-2.4529182879377442,494.3432738629777,494.3432738629777,2026-01-12
6863,永道-KY,通信網路業,118.5,-17.4823312914549,-10.073919339540206,-4.546248200789424,2026-01-12
6869,雲豹能源,綠能環保,91.4,82.15609472606045,85.86167087696136,78.91535755248677,2025-12-10
6873,泓德能源,綠能環保,96.4,-8.803107241305497,-6.122546500539336,-0.7153915958119322,2025-12-10
6885,全福生技,生技醫療業,28.25,3121.212121212121,3121.212121212121,3121.212121212121,2026-01-12
6887,寶綠特-KY,綠能環保,57.8,,,,2026-01-12
6890,來億-KY,運動休閒,250.5,69.97810218011861,85.6152065991581,135.044044750901,2025-12-10
6901,鑽石投資,其他業,16.95,-8.58973706962315,-41.882193277394535,-38.432123086558626,2026-01-12
6902,GOGOLOOK,數位雲端,73.5,18.541469733571404,19.075005877570415,19.22567162509827,2026-01-12
6906,現觀科,數位雲端,73.2,-14.705046663606758,-10.283514040195804,-5.2364403915551,2026-01-12
6909,創控,半導體業,43.25,,,,2026-01-12
6914,阜爾運通,其他業,146.0,11.087778506921664,60.47262077262305,89.00953392887577,2026-01-12
6916,華凌,光電業,18.15,11.017691577640964,3.013981221470711,1.6443676851756202,2026-01-12
6918,愛派司,生技醫療業,83.9,,,,2026-01-12
6919,康霈*,生技醫療業,147.5,,108.13908497283511,115.60657721950552,2026-01-12
6923,中台,綠能環保,101.0,251.06055087844976,413.6223688596527,413.6223688596527,2025-12-10
6924,榮惠-KY創,電子零組件業,77.0,-9.194215510936566,549.9283090173374,549.9283090173374,2026-01-12
6928,攸泰科技,電腦及週邊設備業,50.9,45.17806549841244,60.035389365814005,83.47673558743156,2025-12-10
6931,青松健康,生技醫療業,60.3,,,,2026-01-12
6933,AMAX-KY,電腦及週邊設備業,149.0,4.310116337052494,22.292766562277972,28.97333706659566,2026-01-12
6936,永鴻生技,生技醫療業,35.8,,,,2026-01-12
6937,天虹,半導體業,246.0,-50.592285524559834,4.520467633881171,19.037333202489222,2026-01-12
6944,兆聯實業,綠能環保,726.0,,,,2026-01-12
6949,沛爾生醫-創,生技醫療業,333.5,26.35024549918168,70.41774222694043,91.66413936571705,2026-01-12
6951,青新-創,綠能環保,73.9,39.42032861417086,71.99405138882584,106.06152905438974,2026-01-12
6952,大武山,其他業,43.0,101.31321154355311,131.61314814651317,160.84750506067195,2026-01-12
6955,邦睿生技-創,生技醫療業,163.0,29.387031617131786,664.0997248977748,664.0997248977748,2026-01-12
6957,裕慶-KY,其他業,194.0,2.3619012356544733,59.21961958276393,103.72315057128834,2026-01-12
6958,日盛台駿,其他業,15.45,120.34216104773377,159.23337229983585,287.1839097388271,2025-12-10
6962,奕力-KY,半導體業,37.5,-1.4445295195384067,475.0168201698592,475.0168201698592,2026-01-12
6965,中傑-KY,運動休閒,87.4,,,,2025-12-10
6969,成信實業*-創,綠能環保,29.75,107.04747384469795,266.9356373104909,570.8636436819811,2026-01-12
6988,威力暘-創,汽車工業,15.45,6.8448842576404045,432.0742143331566,432.0742143331566,2026-01-12
6994,富威電力,綠能環保,94.3,,,,2026-01-12
7610,聯友金屬-創,綠能環保,167.0,,,,2026-01-12
7631,聚賢研發-創,其他電子業,149.5,,,,2026-01-12
7705,三商餐飲,觀光餐旅,39.25,7.688931464537552,618.1063219593974,618.1063219593974,2026-01-12
7711,永擎,電腦及週邊設備業,264.0,,,,2026-01-12
7721,微程式,數位雲端,47.9,,,,2026-01-12
7722,LINEPAY,數位雲端,551.0,1212.2971138323956,1212.2971138323956,1212.2971138323956,2025-12-10
7730,暉盛-創,半導體業,96.4,,,,2026-01-12
7732,金興精密,汽車工業,40.0,,,,2025-12-10
7736,虎山,汽車工業,86.3,,,,2026-01-12
7740,熙特爾-創,綠能環保,153.5,,,,2025-12-10
7749,意騰-KY,半導體業,455.0,,,,2026-01-12
7750,新代,電機機械,855.0,,,,2026-01-12
7765,中華資安,數位雲端,278.5,,,,2026-01-12
7780,大研生醫,食品工業,,,,,2026-01-12
7786,東方風能,綠能環保,171.0,,,,2026-01-12
7788,松川精密,電子零組件業,135.0,,,,2026-01-12
7791,皇家可口,食品工業,72.0,,,,2025-12-10
7799,禾榮科,生技醫療業,381.5,,,,2026-01-12
8011,台通,通信網路業,21.55,-10.481663135695696,-14.628867592422054,-18.278665628309174,2026-01-12
8016,矽創,半導體業,187.5,20.35908963586328,9.959584904118001,7.111661808893835,2026-01-12
8021,尖點,其他電子業,215.5,44.285736398111595,29.39044109346618,23.730966754748888,2026-01-12
8028,昇陽半導體,半導體業,189.5,13.34315827586401,24.80905927433781,29.400753524125943,2026-01-12
8033,雷虎,其他業,151.0,-4.384833240455888,11.918434142768623,17.634553368575222,2026-01-12
8039,台虹,電子零組件業,84.7,18.8713672368765,9.933267123054712,5.786408865037324,2026-01-12
8045,達運光電,通信網路業,72.1,32.37385709448019,602.3461100555,348.280034162734,2026-01-12
8046,南電,電子零組件業,240.5,46.57499194060817,28.76488988946826,22.619569335178685,2026-01-12
8070,長華*,電子通路業,45.55,19.862595123492355,14.268043601112504,13.019599973342963,2026-01-12
8072,陞泰,電子通路業,30.3,87.25270919611549,48.99369707163989,37.859084450665534,2026-01-12
8081,致新,半導體業,215.0,7.648343612589126,6.347959546376167,7.00956591151954,2026-01-12
8101,華冠,通信網路業,16.2,-44.41815329806184,150.31637678296315,244.64852295321717,2026-01-12
8103,瀚荃,電子零組件業,95.1,6.728912507751272,7.072276756032651,7.138402998564756,2026-01-12
8104,錸寶,光電業,31.45,-17.215702475123805,29.332395692115043,47.561551538713665,2026-01-12
8105,凌巨,光電業,14.55,-10.619612062161977,-3.1590224111397696,0.405154290178739,2026-01-12
8110,華東,半導體業,71.4,10.938728575202394,-2.434196315646902,-6.327769748073325,2026-01-12
8112,至上,電子通路業,78.0,32.28308389654837,5.305430108008288,-3.5426745042479397,2026-01-12
8114,振樺電,電腦及週邊設備業,183.5,-43.41250560454538,22.794969979196775,55.90252362944792,2026-01-12
8131,福懋科,半導體業,65.1,39.384205143384186,17.927485834315945,9.193806086124106,2026-01-12
8150,南茂,半導體業,58.3,23.776882188573346,9.61362957499835,4.466663859978238,2026-01-12
8162,微矽電子-創,半導體業,37.5,-0.9923058133854412,32.33207707490403,50.46257280052749,2026-01-12
8163,達方,電腦及週邊設備業,30.05,2.0362219562974904,11.822871816773107,15.105872000883265,2026-01-12
8201,無敵,其他電子業,14.2,57.7658403123019,17.886348252403568,4.8863533390358755,2026-01-12
8210,勤誠,電腦及週邊設備業,910.0,68.38177877420641,50.00817688628376,42.09201250580082,2026-01-12
8213,志超,電子零組件業,33.45,32.076696613129286,11.061920636864599,5.612441952636164,2026-01-12
8215,明基材,光電業,20.65,-8.063879454207557,-2.9937567349664462,-0.374736388988842,2026-01-12
8222,寶一,電機機械,42.8,59.73928255676153,27.966704910102226,21.804256202587112,2026-01-12
8249,菱光,電子零組件業,53.3,24.99123629783324,2.6342355481079323,1.8497223995690406,2026-01-12
8261,富鼎,半導體業,88.8,-0.6322462831843123,5.21588044178904,8.300611676620164,2026-01-12
8271,宇瞻,半導體業,128.5,33.847224452652426,38.56637789498667,35.61349187935205,2026-01-12
8341,日友,綠能環保,77.4,-3.537426719412806,5.351250300691401,7.167427011062471,2026-01-12
8367,建新國際,航運業,42.65,10.878620630973156,11.181829415227497,11.036428707139008,2026-01-12
8374,羅昇,電機機械,84.4,6.176072304235869,26.714937903004298,39.486659666675926,2026-01-12
8404,百和興業-KY,其他業,23.9,20.48430048925498,13.107557657441054,12.389186253290966,2026-01-12
8411,福貞-KY,其他業,12.2,3.52132808486052,4.02758645450394,4.5323852688298105,2026-01-12
8422,可寧衛*,綠能環保,39.05,-27.803952622022944,-9.521439538405724,-3.7844815434290897,2026-01-12
8429,金麗-KY,貿易百貨業,7.56,5.726510137840912,6.610434941675957,8.297358141654234,2025-12-10
8438,昶昕,綠能環保,50.8,23.356920856006248,15.712561578766637,13.072668127937229,2026-01-12
8442,威宏-KY,其他業,72.3,21.655243091315878,3.8644149670147256,-0.7440190177041787,2026-01-12
8443,阿瘦,貿易百貨業,11.15,-8.535159214061904,-2.2150879710286744,1.352428348752502,2026-01-12
8454,富邦媒,數位雲端,205.5,-2.9613379930340855,-2.6069570664682,-2.3048187662704036,2025-12-10
8462,柏文,運動休閒,158.5,21.76167962879676,19.381034432633292,18.494735669850545,2026-01-12
8463,潤泰材,其他業,26.8,0.029755656217944626,6.758389108830428,9.880874742610631,2026-01-12
8464,億豐,居家生活,377.0,-2.7090609136395494,1.237382713825752,3.550668981470043,2026-01-12
8466,美吉吉-KY,其他業,21.5,-18.26723135550784,-14.405803460118307,-7.607754589034417,2026-01-12
8467,波力-KY,運動休閒,166.0,-45.28288953760302,-8.372728782866586,3.73116166396982,2026-01-12
8473,山林水,綠能環保,36.7,48.916182001274166,52.72454036136242,49.03359893418292,2026-01-12
8476,台境*,綠能環保,17.1,167.51822677430073,36.5077671063441,1.8461048185601971,2026-01-12
8478,東哥遊艇,運動休閒,190.0,941.4758688848625,304.0060659919413,140.80469653279815,2026-01-12
8481,政伸,其他業,40.5,5.912539515279236,6.38299562448993,8.739663482782548,2026-01-12
8482,商億-KY,居家生活,49.5,-4.122404713586381,-3.7690974138851154,-2.12438668607813,2025-12-10
8487,愛爾達-創,數位雲端,79.9,-24.552414250406894,-22.445323669549197,-16.062938050208356,2026-01-12
8488,吉源-KY,其他業,9.87,-6.256830272970737,-5.397512267098844,-6.334897720310209,2026-01-12
8499,鼎炫-KY,其他電子業,325.0,83.12636098685422,49.623773144678644,31.09349585250119,2026-01-12
8926,台汽電,油電燃氣業,40.9,-43.464355731290695,-19.033015402146088,-11.501343678573411,2026-01-12
8940,新天地,觀光餐旅,20.35,-7.627887220461959,-7.582912085871182,-7.967879806812164,2026-01-12
8996,高力,電機機械,635.0,172.02345648862064,90.15501740316871,64.9800568229981,2026-01-12
9105,泰金寶-DR,存託憑證,5.75,-5.221664460175635,-1.7361271603054036,0.2790463248557928,2026-01-12
912000,晨訊科-DR,存託憑證,2.73,12.16503259332904,11.875561481566892,29.055960924700273,2025-12-10
9802,鈺齊-KY,運動休閒,103.0,-2.171067904329016,15.988080180474027,23.043600926700247,2026-01-12
9902,台火,其他業,17.0,169.88070636858916,48.3390964136222,-0.9938575695591917,2026-01-12
9904,寶成,運動休閒,31.25,-3.1611593541611582,-2.7051296586331435,-1.0913448910219516,2025-12-10
9905,大華,其他業,20.05,12.221173339550816,3.09689574854688,1.2280656131487733,2026-01-12
9906,欣巴巴,建材營造業,49.55,-4.805037076590057,-43.72939822805111,-50.431304895341235,2026-01-12
9907,統一實,其他業,18.6,-11.611531620814885,0.8129255606312237,6.713368155538004,2026-01-12
9908,大台北,油電燃氣業,29.85,-6.162686041506338,-2.9211471456342744,-2.5197313999614206,2026-01-12
9910,豐泰,運動休閒,107.0,-0.6171459844256488,-3.4609325504599115,-4.282782457905204,2026-01-12
9911,櫻花,居家生活,82.9,13.79521477015826,8.589875238510825,7.891442395094067,2026-01-12
9912,偉聯,電腦及週邊設備業,11.95,-2.576711018760114,-4.151226957184712,-5.2011520758793965,2025-12-10
9914,美利達,運動休閒,81.0,-11.168142814061067,-9.072663201685517,-7.706173552299294,2026-01-12
9917,中保科,其他業,110.0,0.09178068487700752,5.2252588979363646,6.928622644050343,2026-01-12
9918,欣天然,油電燃氣業,39.7,-5.542588806755832,0.9932206817136429,2.777034398954098,2026-01-12
9919,康那香,其他業,16.5,-26.447975744122143,-11.517974869736245,-6.912330469641623,2026-01-12
9921,巨大,運動休閒,89.0,-14.770918702825519,-15.236084171657538,-14.609852892461001,2025-12-10
9924,福興,居家生活,50.2,-11.389549813626953,-10.056418816304104,-9.300911119906845,2026-01-12
9925,新保,其他業,40.8,16.92677520565693,7.23588453591794,4.756420762613715,2026-01-12
9926,新海,油電燃氣業,49.5,3.437035071593053,4.693429133216164,5.127070324757693,2026-01-12
9928,中視,其他業,17.95,39.2363644923613,5.9434661822957295,-4.000481655858106,2026-01-12
9929,秋雨,其他業,10.45,-6.722717112067523,-3.537739644029837,-3.818648915369604,2026-01-12
9930,中聯資源,綠能環保,70.2,7.227879756832789,8.016344592726234,9.848427854903674,2025-12-10
9931,欣高,油電燃氣業,33.75,14.225868243524609,-9.43894100943052,-18.455466566377904,2026-01-12
9933,中鼎,其他業,31.6,-13.83689572512985,-18.82003151577703,-19.583613796956538,2026-01-12
9934,成霖,居家生活,9.98,-2.806853056505132,-3.277119228411022,-3.525643609111245,2025-12-10
9935,慶豐富,居家生活,20.1,-5.963968535712983,-5.699592721672108,-3.0249782316917417,2025-12-10
9937,全國,油電燃氣業,57.3,-7.549134362426013,-6.2155769129995555,-5.700821677218598,2026-01-12
9938,百和,其他業,52.7,6.3457675560872895,4.591281217822012,5.52760925318477,2026-01-12
9939,宏全,其他業,120.0,-8.85965729794027,-0.16877770028550643,3.066668641844169,2026-01-12
9940,信義,其他業,22.7,219.8491265968095,54.155690708384306,9.448184836788267,2026-01-12
9941,裕融,其他業,82.3,-3.490077276079606,-4.141807906973296,-4.258340893688149,2026-01-12
9942,茂順,其他業,106.0,11.279539101595581,4.699490696682495,3.4250504473388936,2026-01-12
9943,好樂迪,觀光餐旅,60.1,-7.851549079889708,-7.360459516503337,-6.934782361491745,2026-01-12
9944,新麗,其他業,16.95,15.26818790274882,2.802521555831865,-1.4052559304125392,2026-01-12
9945,潤泰新,其他業,29.35,15.634238303336257,13.367386347642812,13.985780547202745,2025-12-10
9946,三發地產,建材營造業,19.05,186.64056507556538,20.58349249629211,-20.45447346754563,2026-01-12
9955,佳龍,綠能環保,30.5,100.25015441630636,45.266341499926874,29.573993480631273,2026-01-12
9958,世紀鋼,鋼鐵工業,132.5,-7.8368745726290605,3.9849137097290064,7.151724688672007,2026-01-12
